d177856e-6e46-44ee-8eb5-83ef1c7452c7,d15b9e575525346a5e304ae5b3a35d64
d177856e-6e46-44ee-8eb5-83ef1c7452c7,ce96b5b773cae4a603092b46494f9dd4
d177856e-6e46-44ee-8eb5-83ef1c7452c7,cd575b6a1f2b1044c5562b5eee64605d
d177856e-6e46-44ee-8eb5-83ef1c7452c7,74dfe78187a2d15d028942426764f8e1
d177856e-6e46-44ee-8eb5-83ef1c7452c7,3837f5edb8f20cdab9a913f30b670760
d177856e-6e46-44ee-8eb5-83ef1c7452c7,1c598e0a59acfc13b01337b88f8752c2
d177856e-6e46-44ee-8eb5-83ef1c7452c7,7c60f42606871b42f398791733234d34
d177856e-6e46-44ee-8eb5-83ef1c7452c7,caf7eb506e1bdf9cb5eae7577db5f67f
d177856e-6e46-44ee-8eb5-83ef1c7452c7,d9881b0e7d73413d6ec0802d4f8d97fb
d177856e-6e46-44ee-8eb5-83ef1c7452c7,b2c1b1cf9c892e3404f8ab85c9d98367
d177856e-6e46-44ee-8eb5-83ef1c7452c7,951b4e479c02ecce30ccd5120dfa79d6
d177856e-6e46-44ee-8eb5-83ef1c7452c7,4f7dc890250d0dd377362c47aba5cb00
d177856e-6e46-44ee-8eb5-83ef1c7452c7,c70450b54255fd0e08dcbf67f65b47f6
d177856e-6e46-44ee-8eb5-83ef1c7452c7,57d969266cfe877f1bad7d2d74674a9d
d177856e-6e46-44ee-8eb5-83ef1c7452c7,6254d576d8a1b289bb0effa66741b525
d177856e-6e46-44ee-8eb5-83ef1c7452c7,9536a37b2ac019e2180d114f857fc2b9
d177856e-6e46-44ee-8eb5-83ef1c7452c7,675819a0ab49d931b8b95a7fb8858309
d177856e-6e46-44ee-8eb5-83ef1c7452c7,af11a17f133a94539e877813a76307a3
d177856e-6e46-44ee-8eb5-83ef1c7452c7,205583b40a6092d8b0045a8960e09a4e
d177856e-6e46-44ee-8eb5-83ef1c7452c7,3d6218c255c76825bf4d49761e2708d8
d177856e-6e46-44ee-8eb5-83ef1c7452c7,eb88869f7a4ca5cff40b06e4bd23bb35
d177856e-6e46-44ee-8eb5-83ef1c7452c7,33c91ae082f288c1b58fc46d4c1ea919
d177856e-6e46-44ee-8eb5-83ef1c7452c7,dbcaabf85a246b0231f604b20909407b
d177856e-6e46-44ee-8eb5-83ef1c7452c7,ac0709b5fe8cb676ade3508c1fa6a29b
d177856e-6e46-44ee-8eb5-83ef1c7452c7,01f182afb2fd0858480ece65cd74fcea
d177856e-6e46-44ee-8eb5-83ef1c7452c7,3fadac6a92b2ee53dde22771a9f20034
d177856e-6e46-44ee-8eb5-83ef1c7452c7,5a752a2ccd85a90450f5fbaa77b3c766
d177856e-6e46-44ee-8eb5-83ef1c7452c7,9017fecf73426e2afd4f42c21af13b2d
d177856e-6e46-44ee-8eb5-83ef1c7452c7,c2eb0cf54ec5267efeb9a61a79fefc53
d177856e-6e46-44ee-8eb5-83ef1c7452c7,e6394960fab6e63b16ad0a9275e55e0c
d177856e-6e46-44ee-8eb5-83ef1c7452c7,2a831cbdbbfd89722a7427ae3afa21f7
d177856e-6e46-44ee-8eb5-83ef1c7452c7,0db5f9ceb28cfec72a840b2d134b9b9d
d177856e-6e46-44ee-8eb5-83ef1c7452c7,167777769d88a0846918aa52be01162f
d177856e-6e46-44ee-8eb5-83ef1c7452c7,e62dacf399b5b0700bb6d98340b21cb8
d177856e-6e46-44ee-8eb5-83ef1c7452c7,ab9324906c5116804e5c8c1bde529636
d177856e-6e46-44ee-8eb5-83ef1c7452c7,db5beea87870a3a55535682e87225bc1
d177856e-6e46-44ee-8eb5-83ef1c7452c7,da99f203bd0dfdec515ece90ac3330b3
d177856e-6e46-44ee-8eb5-83ef1c7452c7,04a582c844f7ab8845d1be639b5c18f4
d177856e-6e46-44ee-8eb5-83ef1c7452c7,8c57ba5fa3ce8db8ed68abf237004b45
d177856e-6e46-44ee-8eb5-83ef1c7452c7,4d5e5c819e2c98c021c453b75ca74272
d177856e-6e46-44ee-8eb5-83ef1c7452c7,b03af749434e95aaf560adb000aa80ba
d177856e-6e46-44ee-8eb5-83ef1c7452c7,4d2d953af012226924e8cf52e7eecd54
d177856e-6e46-44ee-8eb5-83ef1c7452c7,4c2e09218013c79acb02e23ad8dfbdf2
d177856e-6e46-44ee-8eb5-83ef1c7452c7,6dae820e0b8b4c2fa01c6290c1a3257c
d177856e-6e46-44ee-8eb5-83ef1c7452c7,8f57686ed0406487eac5d6f1d97dc863
d177856e-6e46-44ee-8eb5-83ef1c7452c7,2a84f389c82bc30f669f70cade34e20e
d177856e-6e46-44ee-8eb5-83ef1c7452c7,1d743af2725996db1993f796a7ed9c7d
d177856e-6e46-44ee-8eb5-83ef1c7452c7,a07aaa994ca6b56fa7504ff8b1afd7cb
d177856e-6e46-44ee-8eb5-83ef1c7452c7,69d43dbee2e9f5fb258ecd717868b28d
d177856e-6e46-44ee-8eb5-83ef1c7452c7,51817dcabb1ae7e58670c61a7289a3d1
d177856e-6e46-44ee-8eb5-83ef1c7452c7,409cc2892855a3fe59862016d05f3edb
d177856e-6e46-44ee-8eb5-83ef1c7452c7,48a022848c1ebaa50d33f687d62a312e
d177856e-6e46-44ee-8eb5-83ef1c7452c7,340a1eee10ebcb4a682887da4592b165
d177856e-6e46-44ee-8eb5-83ef1c7452c7,9c571bd83b6776733fa42a93174b3b25
d177856e-6e46-44ee-8eb5-83ef1c7452c7,68742fadc23477f619373d5358dec3f3
d177856e-6e46-44ee-8eb5-83ef1c7452c7,dfeb70587b1d18a1a6438db6460999ab
d177856e-6e46-44ee-8eb5-83ef1c7452c7,708c7d3e47b2ab0dd7596c87818dc9d4
d177856e-6e46-44ee-8eb5-83ef1c7452c7,d41d89fa21937b3a9d25057109cb857f
d177856e-6e46-44ee-8eb5-83ef1c7452c7,9dbf8ef7db2639eabad391fbec069dc8
d177856e-6e46-44ee-8eb5-83ef1c7452c7,ee64efe3c49862c28b59bc9dbb1179c0
d177856e-6e46-44ee-8eb5-83ef1c7452c7,c01ea4ed2518cf7236b27db0b211578b
d177856e-6e46-44ee-8eb5-83ef1c7452c7,53f43aa23fcab2c47ff102a5be71062d
d177856e-6e46-44ee-8eb5-83ef1c7452c7,35628e61180ee3d727e0ff43ce94c884
d177856e-6e46-44ee-8eb5-83ef1c7452c7,5fd37f4e82f088d2e18bada3faf54982
d177856e-6e46-44ee-8eb5-83ef1c7452c7,d5aff77782d7cfc263f40f92e43d0280
d177856e-6e46-44ee-8eb5-83ef1c7452c7,c7661be2f80a6e2287277920064b9d0d
d177856e-6e46-44ee-8eb5-83ef1c7452c7,25f044bd41905aa4499c432dd9746bbd
d177856e-6e46-44ee-8eb5-83ef1c7452c7,ca541904ab3c23b18314df15fc68d8fc
d177856e-6e46-44ee-8eb5-83ef1c7452c7,bbb32893c2a6a0fbff2c01b5f855fe80
d177856e-6e46-44ee-8eb5-83ef1c7452c7,d9cb8060aa445182336adb62cf5dc57f
d177856e-6e46-44ee-8eb5-83ef1c7452c7,99ae5f759d94ac8c9f42a059ce48934e
d177856e-6e46-44ee-8eb5-83ef1c7452c7,d15772867b098599da00f31f4a29f2d1
d177856e-6e46-44ee-8eb5-83ef1c7452c7,af6e374f8d9176ab6b519be080ee6874
d177856e-6e46-44ee-8eb5-83ef1c7452c7,4142d1661d0d615163759047f1a1774b
d177856e-6e46-44ee-8eb5-83ef1c7452c7,b4b95467dbec0956d08a9ca7fe299715
d177856e-6e46-44ee-8eb5-83ef1c7452c7,2311e371425084d9784a167206e09b39
d177856e-6e46-44ee-8eb5-83ef1c7452c7,0db56cf27bf7876521799740df626bb0
d177856e-6e46-44ee-8eb5-83ef1c7452c7,398f304f106d40d015b454fcad385b51
d177856e-6e46-44ee-8eb5-83ef1c7452c7,648dc6c9bfce019423ac8cedaf05f598
d177856e-6e46-44ee-8eb5-83ef1c7452c7,e94ea39b440ab623d4131a0890f8f1c8
d177856e-6e46-44ee-8eb5-83ef1c7452c7,66b4e87d45e8b459bf1a40d4c3cdc72f
d177856e-6e46-44ee-8eb5-83ef1c7452c7,9252f5e31a73492932aba59f3343e83c
d177856e-6e46-44ee-8eb5-83ef1c7452c7,ea5b5ee653ef5e7b3c02b90c828ccf68
d177856e-6e46-44ee-8eb5-83ef1c7452c7,8bb6d17483e49c8d629056f68767f9dd
d177856e-6e46-44ee-8eb5-83ef1c7452c7,95500bc3c787cb8a7b0302de9398cd9b
d177856e-6e46-44ee-8eb5-83ef1c7452c7,1d5f2e60412a290abc9ea01a395470ce
d177856e-6e46-44ee-8eb5-83ef1c7452c7,a94a06c5de84fed5593fbd0321f75365
d177856e-6e46-44ee-8eb5-83ef1c7452c7,0b10544ce411bf22f47a109c13159f3c
d177856e-6e46-44ee-8eb5-83ef1c7452c7,8cb9fc44eba51a33e08e3342564462d4
d177856e-6e46-44ee-8eb5-83ef1c7452c7,5ec2f918ed5cd6307e61fa081ec6ecde
d177856e-6e46-44ee-8eb5-83ef1c7452c7,e8a695e2174abfad1184596b9926d83b
d177856e-6e46-44ee-8eb5-83ef1c7452c7,f422cb59dc725237006f6f8e7c1c80dc
d177856e-6e46-44ee-8eb5-83ef1c7452c7,4e99c1841692c845fa5835cd7b7b3fc3
d177856e-6e46-44ee-8eb5-83ef1c7452c7,6dd62bde8ccdccbf576dc7f16d4d8c8f
d177856e-6e46-44ee-8eb5-83ef1c7452c7,1dce299ac3b1c882ef4f7246874898ae
d177856e-6e46-44ee-8eb5-83ef1c7452c7,c9f836d39ab297223386d43caec895d3
d177856e-6e46-44ee-8eb5-83ef1c7452c7,ff5ecd76000c754ff295009bc6e2ec01
d177856e-6e46-44ee-8eb5-83ef1c7452c7,1a4ee576df128a7ca631c51cf3fbf19a
d177856e-6e46-44ee-8eb5-83ef1c7452c7,20cf0d5ee051e307bc6b4bca7c231550
d177856e-6e46-44ee-8eb5-83ef1c7452c7,42374751b482155b5ce6cd803f0de946
d177856e-6e46-44ee-8eb5-83ef1c7452c7,52124bcde9520753b17b680ba5601971
d177856e-6e46-44ee-8eb5-83ef1c7452c7,288b3b372023f0ee956f2db0bc13188b
d177856e-6e46-44ee-8eb5-83ef1c7452c7,87dad0c0cbff41f37081394b4fe27f00
d177856e-6e46-44ee-8eb5-83ef1c7452c7,d5f8170369170cc48403108f91e7b822
d177856e-6e46-44ee-8eb5-83ef1c7452c7,3f76c89d108af066e8ef9b35e9ff82c7
d177856e-6e46-44ee-8eb5-83ef1c7452c7,93bf3851c26ce81f41b12c631d569d77
d177856e-6e46-44ee-8eb5-83ef1c7452c7,a389a485e00b0e6c4b0ffe9abe316015
d177856e-6e46-44ee-8eb5-83ef1c7452c7,e716820898daee96065f57fab3ad758f
d177856e-6e46-44ee-8eb5-83ef1c7452c7,d3855d2f7eef0cdb1ad8a3504f762028
d177856e-6e46-44ee-8eb5-83ef1c7452c7,eab52d7e11f02ad51479247b33a47b71
d177856e-6e46-44ee-8eb5-83ef1c7452c7,4a7335045cd3b2c3ecd955f807aaf5f0
d177856e-6e46-44ee-8eb5-83ef1c7452c7,83a70cda9f2c059811eeece57b5b2997
d177856e-6e46-44ee-8eb5-83ef1c7452c7,45638f89d43f729c5d1afefc977fcc2d
d177856e-6e46-44ee-8eb5-83ef1c7452c7,fcf6ae056f48dbe1d2ee22cc6b983ced
d177856e-6e46-44ee-8eb5-83ef1c7452c7,c82364f01b2cbcc95af27776029042dd
d177856e-6e46-44ee-8eb5-83ef1c7452c7,06268ddd3c6212086c09b4277a98ff3b
d177856e-6e46-44ee-8eb5-83ef1c7452c7,286575f413e127c037d04446ffe35bb5
d177856e-6e46-44ee-8eb5-83ef1c7452c7,5825231e7c5920b0d1edd4f7c4e5d798
d177856e-6e46-44ee-8eb5-83ef1c7452c7,d6f87c283521cbd15a5cf0a3c57a72fc
d177856e-6e46-44ee-8eb5-83ef1c7452c7,b77ec73a074d03bddf9d7d80fc3a790f
d177856e-6e46-44ee-8eb5-83ef1c7452c7,d7c4908daf7c681304178c58cdf0fdda
d177856e-6e46-44ee-8eb5-83ef1c7452c7,b542c42ffe6390d44588aa3deccf7bf3
d177856e-6e46-44ee-8eb5-83ef1c7452c7,69bbeeadb4e2d79546d0a2c835d832b9
d177856e-6e46-44ee-8eb5-83ef1c7452c7,589c7a284fe846307e3d17d80e03fc17
d177856e-6e46-44ee-8eb5-83ef1c7452c7,8db544b516ee1ca46715c1a341046119
d177856e-6e46-44ee-8eb5-83ef1c7452c7,e67f839d11280c4ca3ea2614bb2286a5
d177856e-6e46-44ee-8eb5-83ef1c7452c7,404b676d2685110038cfc744f4e3b804
d177856e-6e46-44ee-8eb5-83ef1c7452c7,c82ca9fdd431187a98dcaa3835bf9aab
d177856e-6e46-44ee-8eb5-83ef1c7452c7,973c7f87f97cfe3ce25f58c1e50c9fdb
d177856e-6e46-44ee-8eb5-83ef1c7452c7,b85a971893225993a3f27c2d6ce947cb
d177856e-6e46-44ee-8eb5-83ef1c7452c7,5ff54fa1e5081ee40fd5196560230285
d177856e-6e46-44ee-8eb5-83ef1c7452c7,8e9f87070e4058619ed863f1a9f4f512
d177856e-6e46-44ee-8eb5-83ef1c7452c7,6039852ccd093e76bc8775a48583d988
d177856e-6e46-44ee-8eb5-83ef1c7452c7,f06b671d032afeeb2add79b48bd176e2
d177856e-6e46-44ee-8eb5-83ef1c7452c7,da5924673c7069ed6247b3a5143420bc
d177856e-6e46-44ee-8eb5-83ef1c7452c7,1ba1a646456e2b252eccdda828bb9b72
d177856e-6e46-44ee-8eb5-83ef1c7452c7,702420ffd64fbedee73b221ea7df3dbf
d177856e-6e46-44ee-8eb5-83ef1c7452c7,7a1d46494a7449724517e5aa21c1879d
d177856e-6e46-44ee-8eb5-83ef1c7452c7,41ed0053cee28e4214fc2553c7eb0aa5
d177856e-6e46-44ee-8eb5-83ef1c7452c7,52129c4ed4dac8ec78a9ba9d8af0c2e6
d177856e-6e46-44ee-8eb5-83ef1c7452c7,6d4457e81b2fab6fcd4e9ce4cd6c8598
d177856e-6e46-44ee-8eb5-83ef1c7452c7,8f3841e142d1ea3e9b087a76dfd5986c
d177856e-6e46-44ee-8eb5-83ef1c7452c7,20c6d5794192670ee5e990dec775ce00
d177856e-6e46-44ee-8eb5-83ef1c7452c7,b7f17e73fc66e6dc0c095d4f66881e2e
d177856e-6e46-44ee-8eb5-83ef1c7452c7,122c855c26b9b22841f0300e4824c026
d177856e-6e46-44ee-8eb5-83ef1c7452c7,c558c15a6b722c77d55bc94baba1552f
d177856e-6e46-44ee-8eb5-83ef1c7452c7,ea3714c387edc63a6cabd38394b88ac9
d177856e-6e46-44ee-8eb5-83ef1c7452c7,332eccac664dcac2fcf36e8df0b0935e
d177856e-6e46-44ee-8eb5-83ef1c7452c7,d96f6e8a62f37ed71f4c4593ea08fddd
d177856e-6e46-44ee-8eb5-83ef1c7452c7,6c62800e583e68f6760f12d48c8c9cb4
d177856e-6e46-44ee-8eb5-83ef1c7452c7,8a91e4a3f42ffb9abf2eb301a72d5132
d177856e-6e46-44ee-8eb5-83ef1c7452c7,ae885b936d47d1c04c69276ec6188d21
d177856e-6e46-44ee-8eb5-83ef1c7452c7,6245ba132084203ae0d5efd1bc76c197
d177856e-6e46-44ee-8eb5-83ef1c7452c7,045cd1bc766d2d7f16f2e487d13c3c20
d177856e-6e46-44ee-8eb5-83ef1c7452c7,3d0f026daf72a22282f1e8313c666f83
d177856e-6e46-44ee-8eb5-83ef1c7452c7,b65db17211a61abd9bfae8aeea34e38c
d177856e-6e46-44ee-8eb5-83ef1c7452c7,d145ce4239cd99b70dcb8a8fe4f51b0c
d177856e-6e46-44ee-8eb5-83ef1c7452c7,db09780cc0da341bcc279668397ff9e4
d177856e-6e46-44ee-8eb5-83ef1c7452c7,8ef5134f0398512ae5b2eb72063f64cf
d177856e-6e46-44ee-8eb5-83ef1c7452c7,1887f695b3482e93b8703fd7dee98ab5
d177856e-6e46-44ee-8eb5-83ef1c7452c7,c5ec9cd6a6e964bbcb50715ac8d5920c
d177856e-6e46-44ee-8eb5-83ef1c7452c7,d7984562f7fcdab5d8c5dff1fd700a3c
d177856e-6e46-44ee-8eb5-83ef1c7452c7,982e046dff6c7f5b78dd2128e164b95e
d177856e-6e46-44ee-8eb5-83ef1c7452c7,c6b6111fd4795f4395d2c5bcfc388daa
d177856e-6e46-44ee-8eb5-83ef1c7452c7,8e12209903e5267b6bdec06d586b2ea1
d177856e-6e46-44ee-8eb5-83ef1c7452c7,0439cf1c1cef656c48f5a9b71354dd86
d177856e-6e46-44ee-8eb5-83ef1c7452c7,ad6c6d53e31ebd6f6c15fbd74cbe9d1d
d177856e-6e46-44ee-8eb5-83ef1c7452c7,1646d4e29eace7bdb9f293f991ffb47c
d177856e-6e46-44ee-8eb5-83ef1c7452c7,0ba61cc48e5f6a6c706c7bbeb560d4f9
d177856e-6e46-44ee-8eb5-83ef1c7452c7,e23c95fff8b7399042b20d0bc45d0b83
d177856e-6e46-44ee-8eb5-83ef1c7452c7,e84cf71d482c8a3b4072781f22f46946
d177856e-6e46-44ee-8eb5-83ef1c7452c7,fd96c99bbb038259260be6bec1e0cd11
d177856e-6e46-44ee-8eb5-83ef1c7452c7,5fa8d71fbedcff64b37d8ebc4d194fd8
d177856e-6e46-44ee-8eb5-83ef1c7452c7,da2780687622153566d4ec280f2ed43e
d177856e-6e46-44ee-8eb5-83ef1c7452c7,d7e772143f5cf2754f5f95d94de33179
d177856e-6e46-44ee-8eb5-83ef1c7452c7,1c9d9172cd15d90f1beae907aa79b6d6
d177856e-6e46-44ee-8eb5-83ef1c7452c7,335ba55e09dd2520e7535af6c0b23a65
d177856e-6e46-44ee-8eb5-83ef1c7452c7,3e466bf3f4a6b5d184ae2839dd97be0f
d177856e-6e46-44ee-8eb5-83ef1c7452c7,4f793af289eb172681b26b3c43547f24
d177856e-6e46-44ee-8eb5-83ef1c7452c7,0198dde026108de1cb88a770f38e5e71
d177856e-6e46-44ee-8eb5-83ef1c7452c7,6b8bc90b32f44f2e1dff0ab300ea0444
d177856e-6e46-44ee-8eb5-83ef1c7452c7,91e38125a14db57623248edd454e95db
d177856e-6e46-44ee-8eb5-83ef1c7452c7,15c3648e8bf8f60e2be69da3823f0093
d177856e-6e46-44ee-8eb5-83ef1c7452c7,6204397294bac2edf2136bb551bf41bc
d177856e-6e46-44ee-8eb5-83ef1c7452c7,7248af3d18f5c6beaf02a77c2ef00edb
d177856e-6e46-44ee-8eb5-83ef1c7452c7,aeaa33edfd9ec89c78e49a42c8636c9d
d177856e-6e46-44ee-8eb5-83ef1c7452c7,0a722dea0c10865671cdcb65508d3394
d177856e-6e46-44ee-8eb5-83ef1c7452c7,9bb7ead2c808dc2253f22f48ae6c4eb1
d177856e-6e46-44ee-8eb5-83ef1c7452c7,89d05bf5a3cc7bbddf507c45fedf80ac
d177856e-6e46-44ee-8eb5-83ef1c7452c7,cf35f3187321e8dc168eed3fcdcb5751
d177856e-6e46-44ee-8eb5-83ef1c7452c7,35b712f4322116dc393110081bb5f954
d177856e-6e46-44ee-8eb5-83ef1c7452c7,127a26b89d537e804df3f846d73621ee
d177856e-6e46-44ee-8eb5-83ef1c7452c7,2ec57cc7538a896d836486abc0c679b2
d177856e-6e46-44ee-8eb5-83ef1c7452c7,b618c613c79c70edada2498ad0241b8b
d177856e-6e46-44ee-8eb5-83ef1c7452c7,fd9e96a630916cce6776e856f8fb0663
d177856e-6e46-44ee-8eb5-83ef1c7452c7,9b635ec3b87cc589a59b6686e178cad4
d177856e-6e46-44ee-8eb5-83ef1c7452c7,37c464bca5afa07f4ccbda3b2c8a77cd
d177856e-6e46-44ee-8eb5-83ef1c7452c7,9cc1d7b17fd476f70fa74a97c49e3ae9
d177856e-6e46-44ee-8eb5-83ef1c7452c7,2d7129d521f61aa9c636a10b7ba1ca53
d177856e-6e46-44ee-8eb5-83ef1c7452c7,c1c3cb60549f9d2ffcc19e0e7464f649
d177856e-6e46-44ee-8eb5-83ef1c7452c7,f27bbf14166e3495f43cbd2efd72fbf6
d177856e-6e46-44ee-8eb5-83ef1c7452c7,baf70c7940b83c8b2de2bf6619ec7cb7
d177856e-6e46-44ee-8eb5-83ef1c7452c7,8e4402522bb8bfc52f9b3c001560d0b6
d177856e-6e46-44ee-8eb5-83ef1c7452c7,29cdfc23d9261e83d3815ced33da3d93
d177856e-6e46-44ee-8eb5-83ef1c7452c7,b852f17d7c559119f1f8cf55c73fe871
d177856e-6e46-44ee-8eb5-83ef1c7452c7,a1d956844cbe38af577c8d7d4cd32d23
d177856e-6e46-44ee-8eb5-83ef1c7452c7,57eddf1885d36c3a3b591398019b4ef5
d177856e-6e46-44ee-8eb5-83ef1c7452c7,938ff0f52c5c76c1f39490e5dc584d1d
d177856e-6e46-44ee-8eb5-83ef1c7452c7,0d694c914cbc9165493d02ffc1942b8f
d177856e-6e46-44ee-8eb5-83ef1c7452c7,85d94944194a7385e3fb575ece14492c
d177856e-6e46-44ee-8eb5-83ef1c7452c7,d76177bb5db7ba1007a1daa43bac98e1
d177856e-6e46-44ee-8eb5-83ef1c7452c7,a0e5bae7905568eca33cb466748601bd
d177856e-6e46-44ee-8eb5-83ef1c7452c7,6854c9fe439bfeec25551f500becdbe5
d177856e-6e46-44ee-8eb5-83ef1c7452c7,004186db46c7e2015e50ea51ec47d189
d177856e-6e46-44ee-8eb5-83ef1c7452c7,681850cc246394988998c3503ff8403b
d177856e-6e46-44ee-8eb5-83ef1c7452c7,8e549f9f6f1a2b4aa02d75aecb07eef0
d177856e-6e46-44ee-8eb5-83ef1c7452c7,24dd3ef2aa42b6d52cedb09789f8aeff
d177856e-6e46-44ee-8eb5-83ef1c7452c7,d43f5a6a75084ec7fa54b86801e507fc
d177856e-6e46-44ee-8eb5-83ef1c7452c7,f5ce02c4e4503633cba7d43659d5e962
d177856e-6e46-44ee-8eb5-83ef1c7452c7,dffe688dd3552d8f2aa65bd1912a212e
d177856e-6e46-44ee-8eb5-83ef1c7452c7,266c563ead8928d454a5a39c5deb1e67
d177856e-6e46-44ee-8eb5-83ef1c7452c7,e0bcac755905af36128ff54de8986d7d
d177856e-6e46-44ee-8eb5-83ef1c7452c7,153a1d7760acf8fc153f0fe5e7a6ffd5
d177856e-6e46-44ee-8eb5-83ef1c7452c7,b42f77ef5533a60a8ee4d88669938f93
d177856e-6e46-44ee-8eb5-83ef1c7452c7,071fd46ba0a8f3ab06aafa70446ac089
d177856e-6e46-44ee-8eb5-83ef1c7452c7,8549defad1c452a5648b2ea4bd792ff4
d177856e-6e46-44ee-8eb5-83ef1c7452c7,c6b2a141ae12b1917b18741c5a4a8a0c
d177856e-6e46-44ee-8eb5-83ef1c7452c7,7a9667c02faee1338abd45c797985ea8
d177856e-6e46-44ee-8eb5-83ef1c7452c7,3ad77d8534937617b540d9834dfccc2e
d177856e-6e46-44ee-8eb5-83ef1c7452c7,52f45c163933ee5e84f965d20e05c4af
d177856e-6e46-44ee-8eb5-83ef1c7452c7,28fbff1bd6e88d859936a00f20725452
d177856e-6e46-44ee-8eb5-83ef1c7452c7,15a0d582fa47410c0488b6e091e2f5fa
d177856e-6e46-44ee-8eb5-83ef1c7452c7,a1f939ed2d09e2fcabd7af055aaa9da0
d177856e-6e46-44ee-8eb5-83ef1c7452c7,674d24bc3e071e71dbbac9c2b0c62f25
d177856e-6e46-44ee-8eb5-83ef1c7452c7,253e6ca97d871cb5c21893c437333d2c
d177856e-6e46-44ee-8eb5-83ef1c7452c7,23c30952772b1cefc3d25eed6ff029bc
d177856e-6e46-44ee-8eb5-83ef1c7452c7,2d6ac831d3b650af4a6a099084ff4a9c
d177856e-6e46-44ee-8eb5-83ef1c7452c7,536c48a15579f531ecb46da8ac03f0cb
d177856e-6e46-44ee-8eb5-83ef1c7452c7,51fea4f104081428bfadebd812e01332
d177856e-6e46-44ee-8eb5-83ef1c7452c7,1527b5a43067f3073fbbadff030cfb98
d177856e-6e46-44ee-8eb5-83ef1c7452c7,608e51b526ab0c243fdb699cc5b77ec1
d177856e-6e46-44ee-8eb5-83ef1c7452c7,409cb6b0a48e9ef11f025c697cbdb0ea
d177856e-6e46-44ee-8eb5-83ef1c7452c7,c19504ece54a67c328986435000b053f
d177856e-6e46-44ee-8eb5-83ef1c7452c7,030549081792d74c3f4084b246455683
d177856e-6e46-44ee-8eb5-83ef1c7452c7,496ca4a763ccb6f5ac75af43e8a5a542
d177856e-6e46-44ee-8eb5-83ef1c7452c7,fb0ada36e2a45313a39b4cfee72cb30c
d177856e-6e46-44ee-8eb5-83ef1c7452c7,3817a97c006f72842a01f532dd5d019f
d177856e-6e46-44ee-8eb5-83ef1c7452c7,e8e86913b5b14748312656e860957b98
d177856e-6e46-44ee-8eb5-83ef1c7452c7,1ddab7059f4a523b8c6d0f9313269a09
d177856e-6e46-44ee-8eb5-83ef1c7452c7,06de40deb55694e737a7f8df4997412a
d177856e-6e46-44ee-8eb5-83ef1c7452c7,2d93c86644b0fab96fffd704a114f7ad
d177856e-6e46-44ee-8eb5-83ef1c7452c7,7b840a25660f7aec3ab6ab5b8fddcaef
d177856e-6e46-44ee-8eb5-83ef1c7452c7,b609847e7892820a0a6e2e1bc755b0a7
d177856e-6e46-44ee-8eb5-83ef1c7452c7,bd8c14adc57acc00fb3295d1c12794ad
d177856e-6e46-44ee-8eb5-83ef1c7452c7,f75f39a19d181d0f44038691c1a2d769
d177856e-6e46-44ee-8eb5-83ef1c7452c7,b0a0b8b6ed5025d33697447d33ecde84
d177856e-6e46-44ee-8eb5-83ef1c7452c7,b9eb8615cc14c05286fbfbb5be86a969
d177856e-6e46-44ee-8eb5-83ef1c7452c7,5d338f2d08f4a3cb3d55dee4b6aa310a
d177856e-6e46-44ee-8eb5-83ef1c7452c7,9ef94230600b697d1a3eb1ebe1907427
d177856e-6e46-44ee-8eb5-83ef1c7452c7,48aee13559a503460943ada1a70b009b
d177856e-6e46-44ee-8eb5-83ef1c7452c7,4ff12bee02e7bd748282e2e3986afda1
d177856e-6e46-44ee-8eb5-83ef1c7452c7,358970c2ab9f42b6bf88aae42b905be0
d177856e-6e46-44ee-8eb5-83ef1c7452c7,88315d55cc6d21fbb7b2f0174d3cef7c
d177856e-6e46-44ee-8eb5-83ef1c7452c7,d29cdf02eb152248f4f1e5bc3a75232f
d177856e-6e46-44ee-8eb5-83ef1c7452c7,fe2add5290c68d3047c4c9828c662277
d177856e-6e46-44ee-8eb5-83ef1c7452c7,d7f72147c89495201ecc03e3a588fd94
d177856e-6e46-44ee-8eb5-83ef1c7452c7,8ff9ee719ded1e6d960e1158fdc9eea3
d177856e-6e46-44ee-8eb5-83ef1c7452c7,9464669a257cdb2426c60647c0c47189
d177856e-6e46-44ee-8eb5-83ef1c7452c7,7e1fb524a478c0fb97881797b7b8e2eb
d177856e-6e46-44ee-8eb5-83ef1c7452c7,a378913cc7abf42dc5d60f47b2fe548e
d177856e-6e46-44ee-8eb5-83ef1c7452c7,101e2d9c4ed8d7f225572db72055942a
d177856e-6e46-44ee-8eb5-83ef1c7452c7,5700c01cf1bb3d34415d7e6fe8cf2247
d177856e-6e46-44ee-8eb5-83ef1c7452c7,38e223b453a8b2bc44a9e5f542e51fb4
d177856e-6e46-44ee-8eb5-83ef1c7452c7,29caf4f30a809fc77fcbf6c2520beb36
d177856e-6e46-44ee-8eb5-83ef1c7452c7,68e461ba83c6c44a65497f5524968cf6
d177856e-6e46-44ee-8eb5-83ef1c7452c7,dcfe6ed8f86080ff8236dd8edfde334d
d177856e-6e46-44ee-8eb5-83ef1c7452c7,9f5d797823665c03bddab24cfac8f155
d177856e-6e46-44ee-8eb5-83ef1c7452c7,20f7615b18ad27f30858994e00594abd
d177856e-6e46-44ee-8eb5-83ef1c7452c7,451309b4d65399df164440b4ba00ddda
d177856e-6e46-44ee-8eb5-83ef1c7452c7,015f2eb1919b6414432805375d7f7a70
d177856e-6e46-44ee-8eb5-83ef1c7452c7,314cf5330aa5aa5daa829aad235bd1d7
d177856e-6e46-44ee-8eb5-83ef1c7452c7,1c2701b4d076ff51b2d7249e3b895779
d177856e-6e46-44ee-8eb5-83ef1c7452c7,c6226700c6f7ccce49387aaaf2a4dfd8
d177856e-6e46-44ee-8eb5-83ef1c7452c7,9053b9ecfb5d44ef59a5f94bc974b368
d177856e-6e46-44ee-8eb5-83ef1c7452c7,4ca7e1ca74740300a09cd52c2c07597e
d177856e-6e46-44ee-8eb5-83ef1c7452c7,40de267491660866cc15a11fe83b3d5a
d177856e-6e46-44ee-8eb5-83ef1c7452c7,df09699dd348c1287965f76b5726cc51
d177856e-6e46-44ee-8eb5-83ef1c7452c7,a77e4b91044b161ad9ddeb4b0d95765f
d177856e-6e46-44ee-8eb5-83ef1c7452c7,c96c87727ffc7081bf8679631daaf708
d177856e-6e46-44ee-8eb5-83ef1c7452c7,202d50b154568b1c37c059dcfc7cc4b1
d177856e-6e46-44ee-8eb5-83ef1c7452c7,224a0813064d87c9a8b973defa750865
d177856e-6e46-44ee-8eb5-83ef1c7452c7,61a9529575d242ff12da9d7478bad11a
d177856e-6e46-44ee-8eb5-83ef1c7452c7,d455f27e38071524484c4fe05073f469
d177856e-6e46-44ee-8eb5-83ef1c7452c7,1ed66ec5339d0997d259f2375f1cdd72
d177856e-6e46-44ee-8eb5-83ef1c7452c7,d3ee791d7e2f5b5e8ad69a6fdae4e61f
d177856e-6e46-44ee-8eb5-83ef1c7452c7,a7c8382891417899b971a3abd355ecf3
d177856e-6e46-44ee-8eb5-83ef1c7452c7,d8254dd688deade1664fe427e01bb7c2
d177856e-6e46-44ee-8eb5-83ef1c7452c7,d8e02df0e830455c348df46e21db3df5
d177856e-6e46-44ee-8eb5-83ef1c7452c7,c3fc43f1427c1c6acd6cb6072faefd57
d177856e-6e46-44ee-8eb5-83ef1c7452c7,764f499a0fa390eca16ef10b56a53589
d177856e-6e46-44ee-8eb5-83ef1c7452c7,9222d15884dd16fb7b37acee518d7c5c
d177856e-6e46-44ee-8eb5-83ef1c7452c7,589700bfdd0ac50c49aa2e2080ca03ea
d177856e-6e46-44ee-8eb5-83ef1c7452c7,95a94553b45c0849ea94e5476b74db8f
d177856e-6e46-44ee-8eb5-83ef1c7452c7,8fea5102924b507dc58340405bddfae5
d177856e-6e46-44ee-8eb5-83ef1c7452c7,54ad525b93a1bc049f39a099ee3ee05c
d177856e-6e46-44ee-8eb5-83ef1c7452c7,1b086a361c39c2fa8041a9dd587afa0c
d177856e-6e46-44ee-8eb5-83ef1c7452c7,02e780d2ea6088a1d23ec6f4df256cfc
d177856e-6e46-44ee-8eb5-83ef1c7452c7,e98e3a1443da55846f79f2e04afaa30a
d177856e-6e46-44ee-8eb5-83ef1c7452c7,ea1b1a6ad301ecd7982df3b21eca3ccb
d177856e-6e46-44ee-8eb5-83ef1c7452c7,df582e010d708c15fcd4a3d23dca5fb1
d177856e-6e46-44ee-8eb5-83ef1c7452c7,5e6456522933f799e684524109d33ca8
d177856e-6e46-44ee-8eb5-83ef1c7452c7,f834db7488ac34ee790d01d726c23274
d177856e-6e46-44ee-8eb5-83ef1c7452c7,16cf947b7677099cdbaaf4c15142a9cc
d177856e-6e46-44ee-8eb5-83ef1c7452c7,2d048f5d00b3e1c673ffb0b2f29418d5
d177856e-6e46-44ee-8eb5-83ef1c7452c7,e83916be4ef20de67081d394738e3781
d177856e-6e46-44ee-8eb5-83ef1c7452c7,986871abd5dc1998ed23e41b2989de4e
d177856e-6e46-44ee-8eb5-83ef1c7452c7,2eff3060a67a9e0984039237241ebd84
d177856e-6e46-44ee-8eb5-83ef1c7452c7,806f3ebc097bf8f703ce5332c6ba8c45
d177856e-6e46-44ee-8eb5-83ef1c7452c7,38981b27c3ec4e6b0055130d9ef32176
d177856e-6e46-44ee-8eb5-83ef1c7452c7,a929a5298d386c39fd8317af49811d7b
d177856e-6e46-44ee-8eb5-83ef1c7452c7,478cfcd0ef17afdc61731e4e0efc168e
d177856e-6e46-44ee-8eb5-83ef1c7452c7,a2d2123dcb45431ce5995e6df8bb1d29
d177856e-6e46-44ee-8eb5-83ef1c7452c7,b2c233549c3c67ea893abfaed7ed3652
d177856e-6e46-44ee-8eb5-83ef1c7452c7,53a1d3416c1fdc05c38b05d53b0211cb
d177856e-6e46-44ee-8eb5-83ef1c7452c7,dff23115e4f3270567216b90dc194866
d177856e-6e46-44ee-8eb5-83ef1c7452c7,fe316988a00e1fb2a4d004fa8a9f057e
d177856e-6e46-44ee-8eb5-83ef1c7452c7,c14ff2c2cb9a84ea03a5ed7ded0acf8e
d177856e-6e46-44ee-8eb5-83ef1c7452c7,d47b27bc82d65557d5f148e5df6874d0
d177856e-6e46-44ee-8eb5-83ef1c7452c7,3ef507b4764e160031d5b84500f39fec
d177856e-6e46-44ee-8eb5-83ef1c7452c7,4b751a5839f832df1c6a8fee16148324
d177856e-6e46-44ee-8eb5-83ef1c7452c7,af394a608de3448b197948eac6312b65
d177856e-6e46-44ee-8eb5-83ef1c7452c7,886bcbf3a71126a3fdeaabd4ef5aa5ec
d177856e-6e46-44ee-8eb5-83ef1c7452c7,553351a9dc80746f561f76f5b505efa7
d177856e-6e46-44ee-8eb5-83ef1c7452c7,8429ace62f037471254b189871c9b95b
d177856e-6e46-44ee-8eb5-83ef1c7452c7,754e4c1b9f1d67d352e1b848db90c58f
d177856e-6e46-44ee-8eb5-83ef1c7452c7,2ea0bf57afdafa5c8572d968b88ad19f
d177856e-6e46-44ee-8eb5-83ef1c7452c7,f213f0877427deee2cd705fe51c473ee
d177856e-6e46-44ee-8eb5-83ef1c7452c7,8c01104f0e3453f8398f3602355dbc76
d177856e-6e46-44ee-8eb5-83ef1c7452c7,faf55a59e75031b6cb4ec6e7d9bc1956
d177856e-6e46-44ee-8eb5-83ef1c7452c7,a427cbe1c71150a73bc7611f33ec5757
d177856e-6e46-44ee-8eb5-83ef1c7452c7,72107cfa5695452e3ccf6943818aa4f9
d177856e-6e46-44ee-8eb5-83ef1c7452c7,d841a24c5e284c4ccf77463d782ed032
d177856e-6e46-44ee-8eb5-83ef1c7452c7,9d2a43d2d35b8d2818befd7e013e2f8a
d177856e-6e46-44ee-8eb5-83ef1c7452c7,acf85b412886ae7a385d58254924b933
d177856e-6e46-44ee-8eb5-83ef1c7452c7,18c2c8ca5472f1a5581757880305bb83
d177856e-6e46-44ee-8eb5-83ef1c7452c7,2a563c93d2c7f349b209de427e5115a1
d177856e-6e46-44ee-8eb5-83ef1c7452c7,71cf897c9f347c684a57ccf75e60cea3
d177856e-6e46-44ee-8eb5-83ef1c7452c7,2fe0c65338851bf1a5337d0835f6654a
d177856e-6e46-44ee-8eb5-83ef1c7452c7,47abcd97089924e0ce968c8ba9b54d9d
d177856e-6e46-44ee-8eb5-83ef1c7452c7,f4d8d18e7db361ddeeef595e4df9bc6e
d177856e-6e46-44ee-8eb5-83ef1c7452c7,9fba2cd8067d8b6ed08cd8ef10eeb84b
d177856e-6e46-44ee-8eb5-83ef1c7452c7,61b7f49bad69bf8ef21739e03fc066ed
d177856e-6e46-44ee-8eb5-83ef1c7452c7,a22c291ce1f4dbcfcbdb1d99c27250c4
d177856e-6e46-44ee-8eb5-83ef1c7452c7,f95eb64bce6b25ea205c3d3ebb99c0b0
d177856e-6e46-44ee-8eb5-83ef1c7452c7,a67543481b6e4d6247ca9fad05dde6ff
d177856e-6e46-44ee-8eb5-83ef1c7452c7,0a38de9aae822bb7a9a8d43af77c05ce
d177856e-6e46-44ee-8eb5-83ef1c7452c7,c77b46b38089bac23d712de93b4f707d
d177856e-6e46-44ee-8eb5-83ef1c7452c7,56e4f749df264e8f4cb376ef7dc9ca81
d177856e-6e46-44ee-8eb5-83ef1c7452c7,5d9da99b66c2f91ee177232af65b9483
d177856e-6e46-44ee-8eb5-83ef1c7452c7,5033848c096f3376f2e18cb7090cc53a
d177856e-6e46-44ee-8eb5-83ef1c7452c7,57b44b0ce22e77f15f6da435cc4be6a4
d177856e-6e46-44ee-8eb5-83ef1c7452c7,2da1221b0f6b3659d4584d558475d39e
d177856e-6e46-44ee-8eb5-83ef1c7452c7,e92451e43e989db01360914f3a5a6b24
d177856e-6e46-44ee-8eb5-83ef1c7452c7,394c6b4659d088d364c2a89097e5bc29
d177856e-6e46-44ee-8eb5-83ef1c7452c7,a96719b3048188bcd959c4a0d9234476
d177856e-6e46-44ee-8eb5-83ef1c7452c7,fdefa8c5ef8b81e9022dd25d69de28d9
d177856e-6e46-44ee-8eb5-83ef1c7452c7,b6549e63fcf933fe6dadea6585b618d7
d177856e-6e46-44ee-8eb5-83ef1c7452c7,67f85ff299e5cfef2f04695081ca6523
d177856e-6e46-44ee-8eb5-83ef1c7452c7,b3707d23f1d264bdbb2f9b043d96fb7c
d177856e-6e46-44ee-8eb5-83ef1c7452c7,9567d487ee1dfad47b9d7cd57e682d6e
d177856e-6e46-44ee-8eb5-83ef1c7452c7,171111085100a71d84d8b8da46f24317
d177856e-6e46-44ee-8eb5-83ef1c7452c7,c90196742a736a31f074c7374e25902a
d177856e-6e46-44ee-8eb5-83ef1c7452c7,738a99b68b3c551cfd4b29e1c8e6a2b4
d177856e-6e46-44ee-8eb5-83ef1c7452c7,caaf2af830fe1b43dbbd2168da067682
d177856e-6e46-44ee-8eb5-83ef1c7452c7,c23c6237242ebc2bffcd8b84b8bdf019
d177856e-6e46-44ee-8eb5-83ef1c7452c7,213060789024e4f8e3c3669e8496b122
d177856e-6e46-44ee-8eb5-83ef1c7452c7,8bc588569345faaff2295080a8506dee
d177856e-6e46-44ee-8eb5-83ef1c7452c7,0394446b4705dd97650dd6f942148a5b
d177856e-6e46-44ee-8eb5-83ef1c7452c7,cd9ae20d9d00da89c87efef6a0e983ca
d177856e-6e46-44ee-8eb5-83ef1c7452c7,e56f446ef0080f8822f2e925d89011e1
d177856e-6e46-44ee-8eb5-83ef1c7452c7,f57d9e0d9c004083aaa19162d696cc80
d177856e-6e46-44ee-8eb5-83ef1c7452c7,19244af38cbd8d55a2c62869f6c1196e
d177856e-6e46-44ee-8eb5-83ef1c7452c7,7f337a932e641d658d78ef7a688e171f
d177856e-6e46-44ee-8eb5-83ef1c7452c7,ae3d80c2b641356e018107e5f7d774a2
d177856e-6e46-44ee-8eb5-83ef1c7452c7,a80565bf1096f6418d47076b72bff8fc
d177856e-6e46-44ee-8eb5-83ef1c7452c7,8e1c57b23f87646644fa5e9274a27187
d177856e-6e46-44ee-8eb5-83ef1c7452c7,a81d7530e3f1c9e849cb8775b6a67f5a
d177856e-6e46-44ee-8eb5-83ef1c7452c7,e1fbfdfb9d30ea3ef719efb3f200cd3d
d177856e-6e46-44ee-8eb5-83ef1c7452c7,6d48164b222ce8473dccd04f907d5d88
d177856e-6e46-44ee-8eb5-83ef1c7452c7,3b9b5fef9dabe122395e9a8dde3b627b
d177856e-6e46-44ee-8eb5-83ef1c7452c7,45e5e8e52d7e6587a2f2d21232df7661
d177856e-6e46-44ee-8eb5-83ef1c7452c7,e0b8d0bcdbf2d301177c78d5da13d141
d177856e-6e46-44ee-8eb5-83ef1c7452c7,faa05983206db4a42b9a7324b11dc1a8
d177856e-6e46-44ee-8eb5-83ef1c7452c7,df8ca2739977090f85a8940dcc4e0a0f
d177856e-6e46-44ee-8eb5-83ef1c7452c7,62c7a29264313279f38b9f99e3104ff9
d177856e-6e46-44ee-8eb5-83ef1c7452c7,1bace45acd5d0452834e1a079457da4a
d177856e-6e46-44ee-8eb5-83ef1c7452c7,3c7abb5669024169dc66fe0da196b2ca
d177856e-6e46-44ee-8eb5-83ef1c7452c7,f0aa4dfe558f20787302e59deac2c91f
d177856e-6e46-44ee-8eb5-83ef1c7452c7,31d213a9d8352f2ad0868a6411e6b6b3
d177856e-6e46-44ee-8eb5-83ef1c7452c7,ff24d8f3fb92c5ff8daf4a00f77f54bd
d177856e-6e46-44ee-8eb5-83ef1c7452c7,a92439f875c61a5ea5826c8cc4be41e9
d177856e-6e46-44ee-8eb5-83ef1c7452c7,b41356053668a041096dbee6ebfa1325
d177856e-6e46-44ee-8eb5-83ef1c7452c7,f967b8dc7f287a7b52256b2280031f82
d177856e-6e46-44ee-8eb5-83ef1c7452c7,225a35740c5fd6cba372579874193c76
d177856e-6e46-44ee-8eb5-83ef1c7452c7,5a19d3b322d9987b3442804cc1ea2cee
d177856e-6e46-44ee-8eb5-83ef1c7452c7,03b8e8c8aec967554e1fa979d716695c
d177856e-6e46-44ee-8eb5-83ef1c7452c7,7bf80954356032c84226e3b16a5742cb
d177856e-6e46-44ee-8eb5-83ef1c7452c7,a7333cdc69ce8282ac34951135778dd3
d177856e-6e46-44ee-8eb5-83ef1c7452c7,911fa915ab87174c8eb4634dd33acfae
d177856e-6e46-44ee-8eb5-83ef1c7452c7,d6ef5df097338a7b597fdeff9f687aaf
d177856e-6e46-44ee-8eb5-83ef1c7452c7,f5afeb5af400de7048262c838aeba03e
d177856e-6e46-44ee-8eb5-83ef1c7452c7,6cd77e5605fee6a788dff1413dcf2f1d
d177856e-6e46-44ee-8eb5-83ef1c7452c7,62a185cf00f0ed07cddddc10bc019fd2
d177856e-6e46-44ee-8eb5-83ef1c7452c7,43e31e25b45568043ad20258f08d5a40
d177856e-6e46-44ee-8eb5-83ef1c7452c7,4088031efff9a198b86931047791126d
d177856e-6e46-44ee-8eb5-83ef1c7452c7,f23593afb6b6cfdb345c665314347f3c
d177856e-6e46-44ee-8eb5-83ef1c7452c7,2aba4202eb50b942217720831d234b88
d177856e-6e46-44ee-8eb5-83ef1c7452c7,5f598b54acf014b1fd15c534cafc0c67
d177856e-6e46-44ee-8eb5-83ef1c7452c7,ec720cd9959b859338d4f9f922309d2b
d177856e-6e46-44ee-8eb5-83ef1c7452c7,3d83a97413cb6142fa0f2f5d87ea057d
d177856e-6e46-44ee-8eb5-83ef1c7452c7,1499ef90c8a52b16303c10d1981f6b32
d177856e-6e46-44ee-8eb5-83ef1c7452c7,7c16eb4840787190994f1ab2fd5face0
d177856e-6e46-44ee-8eb5-83ef1c7452c7,211c2cd05b91ee5984ba765c49a2f187
d177856e-6e46-44ee-8eb5-83ef1c7452c7,7ae95ebed8070b556674169a3e702863
d177856e-6e46-44ee-8eb5-83ef1c7452c7,a9f2ddaff4e43d2d02bde849c85437d5
d177856e-6e46-44ee-8eb5-83ef1c7452c7,7d723c5a70a011a2e01eb0b26815eac7
d177856e-6e46-44ee-8eb5-83ef1c7452c7,d0d2c621c7a7ce79bf0d5c84f85bf2f8
d177856e-6e46-44ee-8eb5-83ef1c7452c7,ffabfd36b7daf6a196e469e96a0b9524
d177856e-6e46-44ee-8eb5-83ef1c7452c7,1385302b3fdaa85b7aa8173d8b38ece6
d177856e-6e46-44ee-8eb5-83ef1c7452c7,776835ab09751b79436b0a420d8cee18
d177856e-6e46-44ee-8eb5-83ef1c7452c7,2b9c4c38107948879a352be170590670
d177856e-6e46-44ee-8eb5-83ef1c7452c7,1a7c9417e248a6cb5c456b2de2e961d7
d177856e-6e46-44ee-8eb5-83ef1c7452c7,27341297468579542860fb7c5e11fea0
d177856e-6e46-44ee-8eb5-83ef1c7452c7,f22a381fec064628f36f08248317fb8b
d177856e-6e46-44ee-8eb5-83ef1c7452c7,cbe937fc1553858adab671a24a552ff7
d177856e-6e46-44ee-8eb5-83ef1c7452c7,e0071d55a013409ab9cde07cfa398613
d177856e-6e46-44ee-8eb5-83ef1c7452c7,78d86078f571299b2db0fc4f09357db4
d177856e-6e46-44ee-8eb5-83ef1c7452c7,4c2ae964d702ddd4a9148e3b3fb17085
d177856e-6e46-44ee-8eb5-83ef1c7452c7,ae34df3442a1fdb543285269badb00c3
d177856e-6e46-44ee-8eb5-83ef1c7452c7,3b99d3e627a3c8925417e3e43b195b22
d177856e-6e46-44ee-8eb5-83ef1c7452c7,60637db8fa953f43068c40d0c3b3418d
d177856e-6e46-44ee-8eb5-83ef1c7452c7,eba69d6a40bbeb64d1c84bc8c739d88b
d177856e-6e46-44ee-8eb5-83ef1c7452c7,a83ee117b754c1759b7da904446e6909
d177856e-6e46-44ee-8eb5-83ef1c7452c7,7397897f487430e764a23015298322bb
d177856e-6e46-44ee-8eb5-83ef1c7452c7,5b691a265e6338d326456b92c40b5dd5
d177856e-6e46-44ee-8eb5-83ef1c7452c7,8a733c3bfc6163a966595144fac5a636
d177856e-6e46-44ee-8eb5-83ef1c7452c7,cdc853b2418e526fc2fe91cb70502360
d177856e-6e46-44ee-8eb5-83ef1c7452c7,26adcb0ad2793e7c7b21763623bc60fe
d177856e-6e46-44ee-8eb5-83ef1c7452c7,722b07142f3524c9c06b75d96308a3ba
d177856e-6e46-44ee-8eb5-83ef1c7452c7,b635e9c44af4b27d91648d1691759234
d177856e-6e46-44ee-8eb5-83ef1c7452c7,920c6c8d85ad495337084b1b06b9b4af
d177856e-6e46-44ee-8eb5-83ef1c7452c7,8caa247af90b2b878122dba4409ed5af
d177856e-6e46-44ee-8eb5-83ef1c7452c7,99bd2067ace91f1ba782bfb376849b56
d177856e-6e46-44ee-8eb5-83ef1c7452c7,2e755e6a60bda127322bda55a6d1d8ef
d177856e-6e46-44ee-8eb5-83ef1c7452c7,aca18b96c349c64e9289069a2651f9f7
d177856e-6e46-44ee-8eb5-83ef1c7452c7,187330a60b89f8bb6d0f695612ef5146
d177856e-6e46-44ee-8eb5-83ef1c7452c7,d6d9a3bc41361828af98ac4dfdf25eb6
d177856e-6e46-44ee-8eb5-83ef1c7452c7,9aceb5cdf4ca9734d7688a73031583bc
d177856e-6e46-44ee-8eb5-83ef1c7452c7,ed337b815b18ebf6697af9c4238cb8ea
d177856e-6e46-44ee-8eb5-83ef1c7452c7,fc0a9af8b542eda62df2c040f7224ab8
d177856e-6e46-44ee-8eb5-83ef1c7452c7,b8858b6f494dcde216e9a80ef1f1d3da
d177856e-6e46-44ee-8eb5-83ef1c7452c7,8fa4c154946f7b6ad6cb84b8298c5176
d177856e-6e46-44ee-8eb5-83ef1c7452c7,a5175b63716797488ccea61d68836016
d177856e-6e46-44ee-8eb5-83ef1c7452c7,4ac4a1fbd366e0e107ed80843606d245
d177856e-6e46-44ee-8eb5-83ef1c7452c7,5fb3064def16517fa5759551b2c2823e
d177856e-6e46-44ee-8eb5-83ef1c7452c7,fbebc8eccdea4f2776acecfeffc277f4
d177856e-6e46-44ee-8eb5-83ef1c7452c7,e1536b842e0b82c3793925bfebbb7cee
d177856e-6e46-44ee-8eb5-83ef1c7452c7,6464d1367920ca3a66d40a7501cba147
d177856e-6e46-44ee-8eb5-83ef1c7452c7,279a3a549b61672d4b3e171016672b27
d177856e-6e46-44ee-8eb5-83ef1c7452c7,9fc8dd267d310f582eb16535414e6e79
d177856e-6e46-44ee-8eb5-83ef1c7452c7,33c78b9d14e4bc21833440f41f350ca8
d177856e-6e46-44ee-8eb5-83ef1c7452c7,95e10da32184a36e8f4e1ea51af20f97
d177856e-6e46-44ee-8eb5-83ef1c7452c7,8d4184a7d30a5417251b961aa5874a3f
d177856e-6e46-44ee-8eb5-83ef1c7452c7,03bc2f11cbe012571fca471eac4e8600
d177856e-6e46-44ee-8eb5-83ef1c7452c7,fe6d23d8d1cf12ca28558dbfe06cea15
d177856e-6e46-44ee-8eb5-83ef1c7452c7,d9afa7b2937a7e6f02a33abe963728ce
d177856e-6e46-44ee-8eb5-83ef1c7452c7,0a009d728dfc1f2e16841dd95bdbb442
d177856e-6e46-44ee-8eb5-83ef1c7452c7,c3180f54cb38e3640507b68a7ad33dfc
d177856e-6e46-44ee-8eb5-83ef1c7452c7,0d3c4ff5cf1798b99b0832f2edd88054
d177856e-6e46-44ee-8eb5-83ef1c7452c7,6bdf19f8906d91c907d63e626faad34f
d177856e-6e46-44ee-8eb5-83ef1c7452c7,6dac95fd26b1de9479084f18ff1f3e97
d177856e-6e46-44ee-8eb5-83ef1c7452c7,bd3d0575df6701dad2e697914cc8ab01
d177856e-6e46-44ee-8eb5-83ef1c7452c7,2c72c9400ce8ce960e750d9bdc7fe6c8
d177856e-6e46-44ee-8eb5-83ef1c7452c7,5caad38bb4a028782cf9b436409fc1b2
d177856e-6e46-44ee-8eb5-83ef1c7452c7,1b7e8877993addd2d501a64a6af63fc3
d177856e-6e46-44ee-8eb5-83ef1c7452c7,0e9e56f7993d1def675ff52a330d9adf
d177856e-6e46-44ee-8eb5-83ef1c7452c7,4df385526821c7b371aa0fcec6438f46
d177856e-6e46-44ee-8eb5-83ef1c7452c7,5019efeafdbc11574d5948004a0e5647
d177856e-6e46-44ee-8eb5-83ef1c7452c7,368fff071a381a5f7d9418df76ddad39
d177856e-6e46-44ee-8eb5-83ef1c7452c7,af3407d083ea2d3cf8c433c4c2c7c4dc
d177856e-6e46-44ee-8eb5-83ef1c7452c7,abfd9f2d8fc08c3260cf307f4393fb67
d177856e-6e46-44ee-8eb5-83ef1c7452c7,2be66924c52bbc1842fd3915096abb5e
d177856e-6e46-44ee-8eb5-83ef1c7452c7,c5fd0c8fe85e9a09f5c687f48803f961
d177856e-6e46-44ee-8eb5-83ef1c7452c7,029ad475ac329f7dbcbb86741fcad203
d177856e-6e46-44ee-8eb5-83ef1c7452c7,213b09eb6c05b314b58f6c2dc11325c2
d177856e-6e46-44ee-8eb5-83ef1c7452c7,970a7c0a46da70e735c5529312ad71ec
d177856e-6e46-44ee-8eb5-83ef1c7452c7,38972f7f8f04ff138aacea604a12a851
d177856e-6e46-44ee-8eb5-83ef1c7452c7,2b04dcf6a15350f9bab86f9027b67793
d177856e-6e46-44ee-8eb5-83ef1c7452c7,40d64368283654e8a8f0a1f729b3d80b
d177856e-6e46-44ee-8eb5-83ef1c7452c7,6cbe74e02246083cefbe5c2c99935487
d177856e-6e46-44ee-8eb5-83ef1c7452c7,87d531b62a06a00f97e32f0edbb02f6d
d177856e-6e46-44ee-8eb5-83ef1c7452c7,9743c651d6e4624a2c01bdc3671a008d
d177856e-6e46-44ee-8eb5-83ef1c7452c7,76cc2e5c78afc82c62a81713fc7920c9
d177856e-6e46-44ee-8eb5-83ef1c7452c7,459d6d83c3f25728d16cc7cbbf52b6b9
d177856e-6e46-44ee-8eb5-83ef1c7452c7,b06f0b707550774b014ecea1816d8355
d177856e-6e46-44ee-8eb5-83ef1c7452c7,6883a0ba0dfdecbd9069f6471af3e647
d177856e-6e46-44ee-8eb5-83ef1c7452c7,531a170b2383b58145cb2edf34f1478f
d177856e-6e46-44ee-8eb5-83ef1c7452c7,7da81da6d35b77c63ed3d4685defdf9a
d177856e-6e46-44ee-8eb5-83ef1c7452c7,0fb9894de6159d81030832fa5b47c288
d177856e-6e46-44ee-8eb5-83ef1c7452c7,96d288e52baa60a6dbfefc61457d9bdd
d177856e-6e46-44ee-8eb5-83ef1c7452c7,45a71a74a9941983a01120db61b7a5b0
d177856e-6e46-44ee-8eb5-83ef1c7452c7,9a0bfb6313951ddbdd95bd5699f95499
d177856e-6e46-44ee-8eb5-83ef1c7452c7,c3d9a1432653293da56c082b4918a957
d177856e-6e46-44ee-8eb5-83ef1c7452c7,bdc0b420744e8df5051c49dcd51bd1df
d177856e-6e46-44ee-8eb5-83ef1c7452c7,4732676b433cc653a32d4d94a7993909
d177856e-6e46-44ee-8eb5-83ef1c7452c7,ca4dc1a803f55fff8a2162d25d50617d
d177856e-6e46-44ee-8eb5-83ef1c7452c7,86303da4e1fb25a3630cf5731c44ff5f
d177856e-6e46-44ee-8eb5-83ef1c7452c7,aa1790e358bdcec7cca5196016eb5e81
d177856e-6e46-44ee-8eb5-83ef1c7452c7,d1f125b1c60d142bd548b461b5412ff4
d177856e-6e46-44ee-8eb5-83ef1c7452c7,470bc2b509bcc2d6e0e461aaf9825dfa
d177856e-6e46-44ee-8eb5-83ef1c7452c7,3f70bd0f5b4e4aae6c8571d141885a9a
d177856e-6e46-44ee-8eb5-83ef1c7452c7,c729d79a16779357aab69bb4f3613ffd
d177856e-6e46-44ee-8eb5-83ef1c7452c7,490497dcf56736798cdb0cc05d1d68da
d177856e-6e46-44ee-8eb5-83ef1c7452c7,0e2a455d18adf90cc12d6e58d8495a2d
d177856e-6e46-44ee-8eb5-83ef1c7452c7,e9da356d8b987c9b633de2d09fc266a4
d177856e-6e46-44ee-8eb5-83ef1c7452c7,6794d0308a65f294247435b49ad60d02
d177856e-6e46-44ee-8eb5-83ef1c7452c7,3cabe3990895d0758c8f7e267d007b57
d177856e-6e46-44ee-8eb5-83ef1c7452c7,35424f147bc2501ac3d6ceaaad5b9be8
d177856e-6e46-44ee-8eb5-83ef1c7452c7,bbadc9d64f243d7d944773f1f56307f3
d177856e-6e46-44ee-8eb5-83ef1c7452c7,3b326edf9109571d9d330b0e6ffbd8d5
d177856e-6e46-44ee-8eb5-83ef1c7452c7,bf5d00b40659ce4cb0b9923e4cb61291
d177856e-6e46-44ee-8eb5-83ef1c7452c7,8c6ae25d91cc762b53d233d756bde6c1
d177856e-6e46-44ee-8eb5-83ef1c7452c7,6803957cbf49c781fd625953422bdf8f
d177856e-6e46-44ee-8eb5-83ef1c7452c7,e2fb15ad45d3db401d89830e204cfaef
d177856e-6e46-44ee-8eb5-83ef1c7452c7,743ad3b3b9915b722d7ba1f189d4f98e
d177856e-6e46-44ee-8eb5-83ef1c7452c7,e22e0bb0c68e8c9c0edf2cab4aa934cc
d177856e-6e46-44ee-8eb5-83ef1c7452c7,d9384c092445475c517e9b0a4dd9e444
d177856e-6e46-44ee-8eb5-83ef1c7452c7,99f167d0d0089037085e1c21f19e7328
d177856e-6e46-44ee-8eb5-83ef1c7452c7,e54f31b1b6f6cb4d579cdb0b6c7ae964
d177856e-6e46-44ee-8eb5-83ef1c7452c7,3112dd743348938bb46aff625459adea
d177856e-6e46-44ee-8eb5-83ef1c7452c7,ecbdc602f0f6a4eaa5fcdb69d339c43c
d177856e-6e46-44ee-8eb5-83ef1c7452c7,561083a40ff0913c2d42c4a919ff1f69
d177856e-6e46-44ee-8eb5-83ef1c7452c7,b1b42885615b89e5d546fa3823a366c5
d177856e-6e46-44ee-8eb5-83ef1c7452c7,0c7aa8c7233ee5070af4cbe05d581466
d177856e-6e46-44ee-8eb5-83ef1c7452c7,58ef5e0da248a195fb52895764af9238
d177856e-6e46-44ee-8eb5-83ef1c7452c7,d49d359d939cb832a7026eaa2a2e86f0
d177856e-6e46-44ee-8eb5-83ef1c7452c7,921a6dc14ac8b854e43c29c0528c0457
d177856e-6e46-44ee-8eb5-83ef1c7452c7,d97d62d34aa46ad8cdc2544f6fdb8241
d177856e-6e46-44ee-8eb5-83ef1c7452c7,a86dfe9e121e29c3ffed7e1e5f3dec81
d177856e-6e46-44ee-8eb5-83ef1c7452c7,a27ab6d33ea8d49f62303f15de4f56d8
d177856e-6e46-44ee-8eb5-83ef1c7452c7,2027909468d987ca6c953e1889da7b54
d177856e-6e46-44ee-8eb5-83ef1c7452c7,411ac460126a030a1f9f149bbe938ec5
d177856e-6e46-44ee-8eb5-83ef1c7452c7,9811633c40c156d807d98e3690efeb4f
d177856e-6e46-44ee-8eb5-83ef1c7452c7,89cfa6b82b944aca1a7db569b65f7547
d177856e-6e46-44ee-8eb5-83ef1c7452c7,0260e45291636b6dbf12b6e97fb4cea7
d177856e-6e46-44ee-8eb5-83ef1c7452c7,9ca1f656f9963a20035a3b0779de90ad
d177856e-6e46-44ee-8eb5-83ef1c7452c7,d772ecc3876ed61d7464961c623537d2
d177856e-6e46-44ee-8eb5-83ef1c7452c7,bea8855ee944dfe371dc4f5bae2506f2
d177856e-6e46-44ee-8eb5-83ef1c7452c7,69df9aa511890d720a65ce11d39b6cb0
d177856e-6e46-44ee-8eb5-83ef1c7452c7,0acf6e98bee3fe8c509954b9ee0254ce
d177856e-6e46-44ee-8eb5-83ef1c7452c7,4776552f51df12ba7dff0fc27fc5262a
d177856e-6e46-44ee-8eb5-83ef1c7452c7,9fae4b83c07724ff47c3f4f5d4083258
d177856e-6e46-44ee-8eb5-83ef1c7452c7,0899c6c9a2705448822be9aa69b1ae63
d177856e-6e46-44ee-8eb5-83ef1c7452c7,295840fb70da0a7371b7d8f8bdd1f457
d177856e-6e46-44ee-8eb5-83ef1c7452c7,37f0aeee03f4f45f44f29ccee46ad8ba
d177856e-6e46-44ee-8eb5-83ef1c7452c7,b4572dc4f4e36a84f2375b268e04e913
d177856e-6e46-44ee-8eb5-83ef1c7452c7,2bafe92d63c8248032f26246b1f41cce
d177856e-6e46-44ee-8eb5-83ef1c7452c7,6a5f35d50416c8fe6f5a505dde8cafe7
d177856e-6e46-44ee-8eb5-83ef1c7452c7,de685670070358c73546e043b6c2e349
d177856e-6e46-44ee-8eb5-83ef1c7452c7,70e1992e714d8d37cac1930cc1f3e568
d177856e-6e46-44ee-8eb5-83ef1c7452c7,dc003daf8ab2cf8376a6fc7172e252eb
d177856e-6e46-44ee-8eb5-83ef1c7452c7,af2c8d2af971e90906dcaa3ef931e1fe
d177856e-6e46-44ee-8eb5-83ef1c7452c7,396706fe058ee9fbe76dbcd998fc3422
d177856e-6e46-44ee-8eb5-83ef1c7452c7,885d177251c446cbcfa7a9966f387d76
d177856e-6e46-44ee-8eb5-83ef1c7452c7,cb5745ebc82fecc9b95620dccb00c177
d177856e-6e46-44ee-8eb5-83ef1c7452c7,d2e86303f5e7f798f9de6d660de8ca13
d177856e-6e46-44ee-8eb5-83ef1c7452c7,66517c02b1476bd15c40d07bfbfb3d06
d177856e-6e46-44ee-8eb5-83ef1c7452c7,a4c1c7995f433fc0ddbab7d178f71acf
d177856e-6e46-44ee-8eb5-83ef1c7452c7,e42788c261fcf259d62d209cfb06818e
d177856e-6e46-44ee-8eb5-83ef1c7452c7,7608ca43e845ad6612073657244848d5
d177856e-6e46-44ee-8eb5-83ef1c7452c7,4b2148d201c0ac4b708e72a58c0350f0
d177856e-6e46-44ee-8eb5-83ef1c7452c7,32e89cea1f896cd87012e99ee43a579f
d177856e-6e46-44ee-8eb5-83ef1c7452c7,015910e0db92ee703c86a9fd9b147e05
d177856e-6e46-44ee-8eb5-83ef1c7452c7,5ddc3e65180f978fdbaeeeb3f249fde7
d177856e-6e46-44ee-8eb5-83ef1c7452c7,845d9f20c1dc1f23abb439fcd21ae666
d177856e-6e46-44ee-8eb5-83ef1c7452c7,c703cce7202f4926e20f91e0c5a49c9d
d177856e-6e46-44ee-8eb5-83ef1c7452c7,81b7fcb651606515847d4df42ce0d225
d177856e-6e46-44ee-8eb5-83ef1c7452c7,fc9120bfc0b1c873a860abdea043f262
d177856e-6e46-44ee-8eb5-83ef1c7452c7,868e815ba51dd9467b7434cb49ad2e8b
d177856e-6e46-44ee-8eb5-83ef1c7452c7,149fa8c9b5fc25c01f4dbcf0172799c2
d177856e-6e46-44ee-8eb5-83ef1c7452c7,7b20cca828a031e56c8cb68d4d4284a1
d177856e-6e46-44ee-8eb5-83ef1c7452c7,b9699ed3611e565a1f051b5800518242
d177856e-6e46-44ee-8eb5-83ef1c7452c7,30241daca4369774df8a63299ae2161a
d177856e-6e46-44ee-8eb5-83ef1c7452c7,6cce96bedb65016e031158da0653a603
d177856e-6e46-44ee-8eb5-83ef1c7452c7,e47b715a07e45217c60c2558f97e1020
d177856e-6e46-44ee-8eb5-83ef1c7452c7,3948b63eff432eb39bea038eef6b6e51
d177856e-6e46-44ee-8eb5-83ef1c7452c7,f516a94f1a5ebb4346ad3b6d629d3e75
d177856e-6e46-44ee-8eb5-83ef1c7452c7,508bdd67ef7f5ee8b876d008131735d6
d177856e-6e46-44ee-8eb5-83ef1c7452c7,82132170d9297e63d659a82a3d9a6517
d177856e-6e46-44ee-8eb5-83ef1c7452c7,6e03a23f19f6d3ce9d8de5e32ccbab01
d177856e-6e46-44ee-8eb5-83ef1c7452c7,eec2718450228550fb01f3a12da9d132
d177856e-6e46-44ee-8eb5-83ef1c7452c7,6ab26ac7780312333aa9c40b951efcdd
d177856e-6e46-44ee-8eb5-83ef1c7452c7,41f16cfaaf40d2f1af990c5afa1257cd
d177856e-6e46-44ee-8eb5-83ef1c7452c7,c7efe2c22e2a01699ba3addb4e7ed8a8
d177856e-6e46-44ee-8eb5-83ef1c7452c7,7f3653d80ec99124ca5ebe893edfa597
d177856e-6e46-44ee-8eb5-83ef1c7452c7,bd708d66b15bddc138096e8b8324dcd6
d177856e-6e46-44ee-8eb5-83ef1c7452c7,f3c2e808bf68611926a83210ae4fd2d3
d177856e-6e46-44ee-8eb5-83ef1c7452c7,942c2e2aa06e6b115e99261c207e56e6
d177856e-6e46-44ee-8eb5-83ef1c7452c7,74e26439f6f8c3f8db3a982caeafbbe0
d177856e-6e46-44ee-8eb5-83ef1c7452c7,3d35bb6c3378e6030c2b60c0c24b2526
d177856e-6e46-44ee-8eb5-83ef1c7452c7,e87133f5c08ac2df6ef76c32447cd51c
d177856e-6e46-44ee-8eb5-83ef1c7452c7,77a9a42428097bc41a5473ac90f8bbf8
d177856e-6e46-44ee-8eb5-83ef1c7452c7,25cf572804abce780b3bd55d9b80d103
d177856e-6e46-44ee-8eb5-83ef1c7452c7,76688c2765059577df2cd05e5bb2b896
d177856e-6e46-44ee-8eb5-83ef1c7452c7,6daeedf309ff5e49187fefe2e18b1fec
d177856e-6e46-44ee-8eb5-83ef1c7452c7,8126666f380038b2dee784cbc50ff692
d177856e-6e46-44ee-8eb5-83ef1c7452c7,3abea4cb552200c6e1e7b39ccd3d6358
d177856e-6e46-44ee-8eb5-83ef1c7452c7,034df984485b117def63b39601c7bdc0
d177856e-6e46-44ee-8eb5-83ef1c7452c7,7a92e17273bccba0dc964140ce889674
d177856e-6e46-44ee-8eb5-83ef1c7452c7,8c959327884e9781c93e5635678b4583
d177856e-6e46-44ee-8eb5-83ef1c7452c7,ca85fac00a35c55a2bd14b5a2b9d0551
d177856e-6e46-44ee-8eb5-83ef1c7452c7,6db1a83fe177c9e24ba4eb104a5838c0
d177856e-6e46-44ee-8eb5-83ef1c7452c7,2531b672abb4a770a65a49787387b63d
d177856e-6e46-44ee-8eb5-83ef1c7452c7,38f099761a47a15dec154a65aa390134
d177856e-6e46-44ee-8eb5-83ef1c7452c7,d2c10b0ceff9e88aa6fe7a3412bcf239
d177856e-6e46-44ee-8eb5-83ef1c7452c7,d8f71dbca51b3c1564ff878b21425ba5
d177856e-6e46-44ee-8eb5-83ef1c7452c7,ff2255f168d9beea0b0107e7a50555e7
d177856e-6e46-44ee-8eb5-83ef1c7452c7,4930f4924c9bce446640534e85957a04
d177856e-6e46-44ee-8eb5-83ef1c7452c7,97fc263aed5547867d91a77fdc52112c
d177856e-6e46-44ee-8eb5-83ef1c7452c7,b2fc31c782fe06d4f7678b103296b977
d177856e-6e46-44ee-8eb5-83ef1c7452c7,cbb1b058a3979dfed6b0a60a8d5fd3d7
d177856e-6e46-44ee-8eb5-83ef1c7452c7,387cc5c9d77f9b2ca0b04db60c205efe
d177856e-6e46-44ee-8eb5-83ef1c7452c7,39258afcb2cf8e9b865171c3a1c04a74
d177856e-6e46-44ee-8eb5-83ef1c7452c7,8e15cd2b091a69712597f7dbed939b44
d177856e-6e46-44ee-8eb5-83ef1c7452c7,ef385e01a1a26a74d2060881ef239844
d177856e-6e46-44ee-8eb5-83ef1c7452c7,416b78733dc9283196674371f81e9db5
d177856e-6e46-44ee-8eb5-83ef1c7452c7,50b42779a8b25d5cc4170aa0ddfc37d5
d177856e-6e46-44ee-8eb5-83ef1c7452c7,a34902fcb20a44c06fcaac5173bfa325
d177856e-6e46-44ee-8eb5-83ef1c7452c7,6335cf36415d54f77f33b6825bc53b80
d177856e-6e46-44ee-8eb5-83ef1c7452c7,2b8675648b3723c9c44afb9f7a3b18fb
d177856e-6e46-44ee-8eb5-83ef1c7452c7,efe74b97d4b111407a4da20691fdfe24
d177856e-6e46-44ee-8eb5-83ef1c7452c7,b3bc7acdf64c8c3fde23f69a2b540884
d177856e-6e46-44ee-8eb5-83ef1c7452c7,ca73de99a5519983cef1b19d2e446511
d177856e-6e46-44ee-8eb5-83ef1c7452c7,28fcf7d24f6f9f31e2bc38429fc3584e
d177856e-6e46-44ee-8eb5-83ef1c7452c7,7da11c3b59950af879ddcafafafd010e
d177856e-6e46-44ee-8eb5-83ef1c7452c7,7ec4258e291c93e3e8d85ccba5f565e6
d177856e-6e46-44ee-8eb5-83ef1c7452c7,23e4bc1ef7ff33ece996c58ee13962f6
d177856e-6e46-44ee-8eb5-83ef1c7452c7,d083c1a58d406861d0b039c3bd56db03
d177856e-6e46-44ee-8eb5-83ef1c7452c7,6137c3cea63d7a1bac2f490fcd82cbaf
d177856e-6e46-44ee-8eb5-83ef1c7452c7,4c4177eeab1a1d4981607643b89015dd
d177856e-6e46-44ee-8eb5-83ef1c7452c7,163668c6c551adc5b1cb5f05f78a032f
d177856e-6e46-44ee-8eb5-83ef1c7452c7,2973fa50aa1ce40eda57c581ea5a932f
d177856e-6e46-44ee-8eb5-83ef1c7452c7,9bf40a5fd33cf4f52cb1a4a48388316f
d177856e-6e46-44ee-8eb5-83ef1c7452c7,9e9dace22a9f8f22876e4e18fc04d90a
d177856e-6e46-44ee-8eb5-83ef1c7452c7,472f01214374c1b7757a07253c7710a6
d177856e-6e46-44ee-8eb5-83ef1c7452c7,1725d4a4ee39ecb3f0d4f129d18e54e5
d177856e-6e46-44ee-8eb5-83ef1c7452c7,32cf86026c7f1d9a1693f6f3975cabed
d177856e-6e46-44ee-8eb5-83ef1c7452c7,d5220c812d385cc61dfe31056eb7ec39
d177856e-6e46-44ee-8eb5-83ef1c7452c7,9abfb0d2f9e6826a4590e0c544e96816
d177856e-6e46-44ee-8eb5-83ef1c7452c7,b93052e7cd10f7fed0abfd4bf2f32f02
d177856e-6e46-44ee-8eb5-83ef1c7452c7,121733654d523ede61181ab4f434053f
d177856e-6e46-44ee-8eb5-83ef1c7452c7,ba9fc7bfb1d31071c53600f8c4e7e228
d177856e-6e46-44ee-8eb5-83ef1c7452c7,424e4f223d06efa2405c715bedf76c4c
d177856e-6e46-44ee-8eb5-83ef1c7452c7,eaaac22c1cf813fa3f13cb0b26c7dd41
d177856e-6e46-44ee-8eb5-83ef1c7452c7,33e8549211f1eee360e92c37489bdcf3
d177856e-6e46-44ee-8eb5-83ef1c7452c7,0824f1b802d4f2b6059a64e79e1f7ece
d177856e-6e46-44ee-8eb5-83ef1c7452c7,0c541412f3ba5d465f5f0c84a92e846f
d177856e-6e46-44ee-8eb5-83ef1c7452c7,372ed215573565ee0fe735fed37aaeb5
d177856e-6e46-44ee-8eb5-83ef1c7452c7,1a1393f7be866a3fd0523e70f69d95f9
d177856e-6e46-44ee-8eb5-83ef1c7452c7,df6b1dae354e4be750211924f0e3680c
d177856e-6e46-44ee-8eb5-83ef1c7452c7,a43dd93cc64dbaf2eebc6fba135553f2
d177856e-6e46-44ee-8eb5-83ef1c7452c7,04f4bb07ed3e8ce0d6d174a212f5403a
d177856e-6e46-44ee-8eb5-83ef1c7452c7,bf32d1a0cf95adcb08cb962599a0198a
d177856e-6e46-44ee-8eb5-83ef1c7452c7,c2402c9ce47e80fc55dc65b0d055ae69
d177856e-6e46-44ee-8eb5-83ef1c7452c7,4626e674d4a01ab3e68f2fa7775526ae
d177856e-6e46-44ee-8eb5-83ef1c7452c7,7abcd91c585bc734e7aee3c50569b0d9
d177856e-6e46-44ee-8eb5-83ef1c7452c7,879a193adfab3d498174139235bd6866
d177856e-6e46-44ee-8eb5-83ef1c7452c7,0605a46a143659adbe47425496ff92cc
d177856e-6e46-44ee-8eb5-83ef1c7452c7,289b2debe3bc21078b31c320a23bb5c2
d177856e-6e46-44ee-8eb5-83ef1c7452c7,85e571c36ceb511f7d2106db53c75c58
d177856e-6e46-44ee-8eb5-83ef1c7452c7,2fd3e926f0f0a2715c7dc593107108de
d177856e-6e46-44ee-8eb5-83ef1c7452c7,991832ea15efca36f0d67bcd0e496a93
d177856e-6e46-44ee-8eb5-83ef1c7452c7,53ce2538c1b3a460f59cd033896d4e95
d177856e-6e46-44ee-8eb5-83ef1c7452c7,3e67719d9df2f36c81afd7dba48d1432
d177856e-6e46-44ee-8eb5-83ef1c7452c7,8d2bc8dac9db3067b08a554d441676d9
d177856e-6e46-44ee-8eb5-83ef1c7452c7,380a9267f90705d2256766e74279f722
d177856e-6e46-44ee-8eb5-83ef1c7452c7,264fecab2667c6aba8d48fd014ba0477
d177856e-6e46-44ee-8eb5-83ef1c7452c7,1592ba0e5a3500189c9edf7bd7414cd6
d177856e-6e46-44ee-8eb5-83ef1c7452c7,ab3079a80f8d883633c5e1df0d9690b7
d177856e-6e46-44ee-8eb5-83ef1c7452c7,16b4690752fe13003d6f2d53f7f04499
d177856e-6e46-44ee-8eb5-83ef1c7452c7,18d5f0516eabfe13abf8e2b883550002
d177856e-6e46-44ee-8eb5-83ef1c7452c7,12e704a78687d5195a934e202d16c8fa
d177856e-6e46-44ee-8eb5-83ef1c7452c7,d2706777673680f42e50e639fa7aaffe
d177856e-6e46-44ee-8eb5-83ef1c7452c7,105d873844a42d9b9df595a621d262ad
d177856e-6e46-44ee-8eb5-83ef1c7452c7,8389c4261c3eb4dbb619974a414026a5
d177856e-6e46-44ee-8eb5-83ef1c7452c7,c10e3157d32f53e1b6a623da30e593a9
d177856e-6e46-44ee-8eb5-83ef1c7452c7,b6866cf9f5acddf3bc412fa12fe1cc04
d177856e-6e46-44ee-8eb5-83ef1c7452c7,e76b197f1a25be275e1151d74e44e938
d177856e-6e46-44ee-8eb5-83ef1c7452c7,e415be495c12766621fe98c3a849cb4f
d177856e-6e46-44ee-8eb5-83ef1c7452c7,ac2c17ef88b0d4882e5c9584e1967d12
d177856e-6e46-44ee-8eb5-83ef1c7452c7,a860093c7ddcc22d08336a7d469cf839
d177856e-6e46-44ee-8eb5-83ef1c7452c7,3074c8e65f657e6008f406ab578702df
d177856e-6e46-44ee-8eb5-83ef1c7452c7,62d1b44b8dd8b8ee20cf12dd963da2a9
d177856e-6e46-44ee-8eb5-83ef1c7452c7,3b95e9fdcac115605551e727c4332043
d177856e-6e46-44ee-8eb5-83ef1c7452c7,adf53f0aaea75030bf4a4c165089dcdc
d177856e-6e46-44ee-8eb5-83ef1c7452c7,1553e3252b71c222cf0c2b64a814b367
d177856e-6e46-44ee-8eb5-83ef1c7452c7,8ea15e8f2c61804ac2d33a7824adc685
d177856e-6e46-44ee-8eb5-83ef1c7452c7,8851d6a8570e8a913f4413c087e9e5bd
d177856e-6e46-44ee-8eb5-83ef1c7452c7,9e4e90e2f2ea7a5f11b6f558ccb207aa
d177856e-6e46-44ee-8eb5-83ef1c7452c7,4021d70f4635c435eebdc95bbf1ea295
d177856e-6e46-44ee-8eb5-83ef1c7452c7,e759eb1d415494b3bb0032ee9d229810
d177856e-6e46-44ee-8eb5-83ef1c7452c7,a3ea06053594a39c25ed22d015fb6ffa
d177856e-6e46-44ee-8eb5-83ef1c7452c7,79e9999228a7dd7cf89221c4d2414204
d177856e-6e46-44ee-8eb5-83ef1c7452c7,d732fdbd82fb1868f1efc15e79174509
d177856e-6e46-44ee-8eb5-83ef1c7452c7,0dfb69a85e0246d38b28ffdebe4e581d
d177856e-6e46-44ee-8eb5-83ef1c7452c7,a88b92017ea6af8140799000a46d459d
d177856e-6e46-44ee-8eb5-83ef1c7452c7,931466c6841f6b2ff33fe141b6544481
d177856e-6e46-44ee-8eb5-83ef1c7452c7,3e187030e7ac0622fe89ebfc9be56c41
d177856e-6e46-44ee-8eb5-83ef1c7452c7,201d807cef8a5106b57b5be65f3f6713
d177856e-6e46-44ee-8eb5-83ef1c7452c7,a4b16eaff52262f144dcbf4fd13c3509
d177856e-6e46-44ee-8eb5-83ef1c7452c7,d559a45420efe6514229c0160594b863
d177856e-6e46-44ee-8eb5-83ef1c7452c7,bd69d9d990e866c3094262fd30c3ec3f
d177856e-6e46-44ee-8eb5-83ef1c7452c7,ef2861547710d059b9e1a91366fd79ac
d177856e-6e46-44ee-8eb5-83ef1c7452c7,c418dc10fec2aeb74e7a53f3ac82d5e5
d177856e-6e46-44ee-8eb5-83ef1c7452c7,de869a560996e2d3d88595205381e424
d177856e-6e46-44ee-8eb5-83ef1c7452c7,ad456beb6bc90d783871e25ecb0699db
d177856e-6e46-44ee-8eb5-83ef1c7452c7,08f2707d944fd55c33fee830abf42abb
d177856e-6e46-44ee-8eb5-83ef1c7452c7,9c519548dd0ff31c27a6072f3e4a9d5f
d177856e-6e46-44ee-8eb5-83ef1c7452c7,c3292004091872637ad2d09d6b99874b
d177856e-6e46-44ee-8eb5-83ef1c7452c7,5e13a12de6e9ab560c055a7244259ad5
d177856e-6e46-44ee-8eb5-83ef1c7452c7,55bed124d3331fb6b24c34ac93562207
d177856e-6e46-44ee-8eb5-83ef1c7452c7,b2d2dbb83c6ba3a93afafa9fa7443312
d177856e-6e46-44ee-8eb5-83ef1c7452c7,846bbb646dafd9a2a364663ce46ffc01
d177856e-6e46-44ee-8eb5-83ef1c7452c7,6c394726c89bd672b2b03bc8c623c344
d177856e-6e46-44ee-8eb5-83ef1c7452c7,f3f93da80045daaa00871e9dac264fa5
d177856e-6e46-44ee-8eb5-83ef1c7452c7,c065c886e4b9fc6ec445abdc92bdfa0a
d177856e-6e46-44ee-8eb5-83ef1c7452c7,a4db30e3c9b5855e0583c4ef35d8507b
d177856e-6e46-44ee-8eb5-83ef1c7452c7,b15949eb639a0da37d3fceae90a3576a
d177856e-6e46-44ee-8eb5-83ef1c7452c7,6157965277b11b277f229430ac185f69
d177856e-6e46-44ee-8eb5-83ef1c7452c7,a6f68f592f916e59434b123f2baf143c
d177856e-6e46-44ee-8eb5-83ef1c7452c7,b49d9f6dd3fa6543d2ce30421b305bff
d177856e-6e46-44ee-8eb5-83ef1c7452c7,f021b5ba0aefb1016011b32d61c397c5
d177856e-6e46-44ee-8eb5-83ef1c7452c7,7e469dd1a4a0141cc63246fca8db1e6e
d177856e-6e46-44ee-8eb5-83ef1c7452c7,8e83525903149c722b54d0c640a100a3
d177856e-6e46-44ee-8eb5-83ef1c7452c7,68403aa5c4db05a20b062e2f134e3a19
d177856e-6e46-44ee-8eb5-83ef1c7452c7,7b030619a312290c627990d0ced3e2cb
d177856e-6e46-44ee-8eb5-83ef1c7452c7,f5e4f381f73c1c149faa69578f125251
d177856e-6e46-44ee-8eb5-83ef1c7452c7,91667eb8624670f3574a933afd4dd937
d177856e-6e46-44ee-8eb5-83ef1c7452c7,10e3692a36266c6f5d0b4a53fd75c8b8
d177856e-6e46-44ee-8eb5-83ef1c7452c7,b1aed933354fab5f57393ec15a0ed5bf
d177856e-6e46-44ee-8eb5-83ef1c7452c7,5c6526ecf281f19cdb65697af547c13c
d177856e-6e46-44ee-8eb5-83ef1c7452c7,51d04e4ef3eb0f52a05d5c91e626eb85
d177856e-6e46-44ee-8eb5-83ef1c7452c7,a76d12dab96e7dc1df8e2d8757baad24
d177856e-6e46-44ee-8eb5-83ef1c7452c7,196afc7fc7ae45cc514d1de67f2120e2
d177856e-6e46-44ee-8eb5-83ef1c7452c7,a52debcc48ba6dc25506698d2ebb0d3f
d177856e-6e46-44ee-8eb5-83ef1c7452c7,d809ae3668d5cb5cef191987e0e4d8d6
d177856e-6e46-44ee-8eb5-83ef1c7452c7,6bdf8180e966157bd53889d955ce7d48
d177856e-6e46-44ee-8eb5-83ef1c7452c7,2f14d662afcda36a0f0e27ef9df6b3bd
d177856e-6e46-44ee-8eb5-83ef1c7452c7,6ab2429da1542f5791e71e1f1f37c89e
d177856e-6e46-44ee-8eb5-83ef1c7452c7,ee6175f5c5be3a052ba0556791841db3
d177856e-6e46-44ee-8eb5-83ef1c7452c7,8f40e2e7d545cf5bf91ff52baeb018d5
d177856e-6e46-44ee-8eb5-83ef1c7452c7,8abc284176c9f709fc5ce337ebb68401
d177856e-6e46-44ee-8eb5-83ef1c7452c7,7c3851c92b22bc7cfc9c5fbe2154215d
d177856e-6e46-44ee-8eb5-83ef1c7452c7,e751f74379c02a871668e8a180022b54
d177856e-6e46-44ee-8eb5-83ef1c7452c7,30bc56593a2fb6f51b90cfa4aa12b93c
d177856e-6e46-44ee-8eb5-83ef1c7452c7,7f44eb85e59d31a44634b6099aad38d4
d177856e-6e46-44ee-8eb5-83ef1c7452c7,2702434aa0698217dbfd92ed15999654
d177856e-6e46-44ee-8eb5-83ef1c7452c7,c804194443815de5b28b8cde0d721c6d
d177856e-6e46-44ee-8eb5-83ef1c7452c7,ce51048388310f5b455939c3177eab34
d177856e-6e46-44ee-8eb5-83ef1c7452c7,ad5cc46a67b1511fb2b63abce8de3378
d177856e-6e46-44ee-8eb5-83ef1c7452c7,e6f6da5e3224ce7630dd105f33b89e7e
d177856e-6e46-44ee-8eb5-83ef1c7452c7,9946c663afb7c9c06dddbe3b3dbbf1a1
d177856e-6e46-44ee-8eb5-83ef1c7452c7,f41f19bc09430b0f7242d23938f38c37
d177856e-6e46-44ee-8eb5-83ef1c7452c7,b583e657790f32714ff56d4e4149d78f
d177856e-6e46-44ee-8eb5-83ef1c7452c7,8394af204ccfbf9cbfab82b765038083
d177856e-6e46-44ee-8eb5-83ef1c7452c7,7e2171675ff053d0b34c068d13bb9ed0
d177856e-6e46-44ee-8eb5-83ef1c7452c7,058fa5f500516bacbab453193d6473b1
d177856e-6e46-44ee-8eb5-83ef1c7452c7,743d066cd5c2455350145792c2c9a7df
d177856e-6e46-44ee-8eb5-83ef1c7452c7,e8c78d722d86267a557e9d6a33cece0a
d177856e-6e46-44ee-8eb5-83ef1c7452c7,030224e70e4c6778a5158bc7397e654c
d177856e-6e46-44ee-8eb5-83ef1c7452c7,2a7c0f608785ec04b9efe4886037373b
d177856e-6e46-44ee-8eb5-83ef1c7452c7,d59e4dcbfcc9dad280e9fd439a687080
d177856e-6e46-44ee-8eb5-83ef1c7452c7,cc21c973d859e45fe733ab26d889bb57
d177856e-6e46-44ee-8eb5-83ef1c7452c7,0ec8d93daf7f8b4bb848a0eb1faa5325
d177856e-6e46-44ee-8eb5-83ef1c7452c7,0f17ce4254f8242888f38d389421a50c
d177856e-6e46-44ee-8eb5-83ef1c7452c7,3ed0692b551ce03730bc6cb912e2244b
d177856e-6e46-44ee-8eb5-83ef1c7452c7,233568e6b8e295c83ffef984ba980a9f
d177856e-6e46-44ee-8eb5-83ef1c7452c7,7cbd463d96c33408feb609c922d478ab
d177856e-6e46-44ee-8eb5-83ef1c7452c7,5f622c592b147d038f98270790e91621
d177856e-6e46-44ee-8eb5-83ef1c7452c7,36afb6cca365399bb441b2a5993b28db
d177856e-6e46-44ee-8eb5-83ef1c7452c7,9cffbaa83c442dd6f246dbdb0a1b3401
d177856e-6e46-44ee-8eb5-83ef1c7452c7,32d79af3cee0215712404d8f5ff8af1c
d177856e-6e46-44ee-8eb5-83ef1c7452c7,52e0e06729f53ab388647fd1cf45df4d
d177856e-6e46-44ee-8eb5-83ef1c7452c7,69d1e960797ee938bf3e062181c0b4ec
d177856e-6e46-44ee-8eb5-83ef1c7452c7,4b8a8c584deb7c67cb5875b179482b90
d177856e-6e46-44ee-8eb5-83ef1c7452c7,c84889007f2227494f275b94d7ee4bc8
d177856e-6e46-44ee-8eb5-83ef1c7452c7,3575beb9a057143518602720ccdac1cf
d177856e-6e46-44ee-8eb5-83ef1c7452c7,0751be83edf976804355fcc8382d737a
d177856e-6e46-44ee-8eb5-83ef1c7452c7,f3228cdc054962097f6060d626fe2dda
d177856e-6e46-44ee-8eb5-83ef1c7452c7,129d23db01614f9565c8e3a9eeb73a0b
d177856e-6e46-44ee-8eb5-83ef1c7452c7,149c69df80a95088864adb2ed645bf6e
d177856e-6e46-44ee-8eb5-83ef1c7452c7,d337a56ffe47fda24e6a9e26d04575ac
d177856e-6e46-44ee-8eb5-83ef1c7452c7,b9c3494705a31521e1cd6e1eedd83f59
d177856e-6e46-44ee-8eb5-83ef1c7452c7,8b9874a025bb3930649675930b480b85
d177856e-6e46-44ee-8eb5-83ef1c7452c7,198c1f324db5f431eabe4eab7dc004f0
d177856e-6e46-44ee-8eb5-83ef1c7452c7,6e2f5ef9c757e0b6d5dbaf3ef6fad451
d177856e-6e46-44ee-8eb5-83ef1c7452c7,7ab9018b49612dfb6a9c56c8c3141ef9
d177856e-6e46-44ee-8eb5-83ef1c7452c7,657ff8ccdcde6db368a93594860b696a
d177856e-6e46-44ee-8eb5-83ef1c7452c7,a90bbfa01d7cd7e710499ea60120cc4c
d177856e-6e46-44ee-8eb5-83ef1c7452c7,0b5e01dfb7942cea9f4c967a8a9c49a6
d177856e-6e46-44ee-8eb5-83ef1c7452c7,db81309e574e363ebbb7f0c60b65f155
d177856e-6e46-44ee-8eb5-83ef1c7452c7,0740c947dbe9bf022931ad2c3a10f38b
d177856e-6e46-44ee-8eb5-83ef1c7452c7,e33f1db433796ff2794375364f213612
d177856e-6e46-44ee-8eb5-83ef1c7452c7,7db3017f11223741213478e3840fab48
d177856e-6e46-44ee-8eb5-83ef1c7452c7,ee08a066f5739b6e01f12b38ccd00cc9
d177856e-6e46-44ee-8eb5-83ef1c7452c7,bb99be545678238f1bb0cda322e3265e
d177856e-6e46-44ee-8eb5-83ef1c7452c7,b8edc4df22983914e43a6f3ca5309137
d177856e-6e46-44ee-8eb5-83ef1c7452c7,167da294f6e140c66f1bab421340c126
d177856e-6e46-44ee-8eb5-83ef1c7452c7,8b4961dabe449ffd15969b387c0e412b
d177856e-6e46-44ee-8eb5-83ef1c7452c7,7f25950dbde2a3f4f3f9ce9428d93c18
d177856e-6e46-44ee-8eb5-83ef1c7452c7,c3f34e77d1dabd4d2fd62ae3683586c9
d177856e-6e46-44ee-8eb5-83ef1c7452c7,d6c4b113589372d7b3e919ac064b54d5
d177856e-6e46-44ee-8eb5-83ef1c7452c7,ef78343417712b9242b03fb8af7c8ee3
d177856e-6e46-44ee-8eb5-83ef1c7452c7,68217445a282888d41de4b9751d079d9
d177856e-6e46-44ee-8eb5-83ef1c7452c7,199d7e74f0793ff96d05b9733b43ddd0
d177856e-6e46-44ee-8eb5-83ef1c7452c7,171b8ffd97de2aa92a6ab50c2bd7abda
d177856e-6e46-44ee-8eb5-83ef1c7452c7,6b8e97c9c941a4caa29a763e8fbea1b8
d177856e-6e46-44ee-8eb5-83ef1c7452c7,bcde53d4ed5cfb23813ad7fd52ce054a
d177856e-6e46-44ee-8eb5-83ef1c7452c7,31dc833e7cc7071620ae6a250ec4186b
d177856e-6e46-44ee-8eb5-83ef1c7452c7,7ae1c7a707ba08634f22405ebd6902f2
d177856e-6e46-44ee-8eb5-83ef1c7452c7,2e00f3dda939c00d2395983e80699647
d177856e-6e46-44ee-8eb5-83ef1c7452c7,8d8622f685833e9c6d1cbb963e16f04a
d177856e-6e46-44ee-8eb5-83ef1c7452c7,1e3bc6c1003e189af826430c385fb120
d177856e-6e46-44ee-8eb5-83ef1c7452c7,b8921236fb99420c233fbf31fc7a7fb0
d177856e-6e46-44ee-8eb5-83ef1c7452c7,63fe6a080f73875112720189b56e7079
d177856e-6e46-44ee-8eb5-83ef1c7452c7,14d87ac8fe2533696a2ac07254b9ace3
d177856e-6e46-44ee-8eb5-83ef1c7452c7,2a4deb15309ed7c6d96359d99f187330
d177856e-6e46-44ee-8eb5-83ef1c7452c7,844f1b1b1c9eed6c1456fcc652df8753
d177856e-6e46-44ee-8eb5-83ef1c7452c7,d4fdc4d8f74d7f4f6157d2f31ebb5f31
d177856e-6e46-44ee-8eb5-83ef1c7452c7,da042f953ceb75584c24ca4be3b3b480
d177856e-6e46-44ee-8eb5-83ef1c7452c7,4b056429d79eb3037c947389a2647e95
d177856e-6e46-44ee-8eb5-83ef1c7452c7,c98d75200d668019fc4aefb347f1a0f0
d177856e-6e46-44ee-8eb5-83ef1c7452c7,2e9fc8b9d39473a0892d0e07ab3c70a7
d177856e-6e46-44ee-8eb5-83ef1c7452c7,b48130c8a5f88e41665ca49bb3104321
d177856e-6e46-44ee-8eb5-83ef1c7452c7,e9321d310b32052b81af0fb235e2729d
d177856e-6e46-44ee-8eb5-83ef1c7452c7,0bdaae4c2d199c510c44fed8c6567a68
d177856e-6e46-44ee-8eb5-83ef1c7452c7,13d05905bdadc9f27a49e408cf168e16
d177856e-6e46-44ee-8eb5-83ef1c7452c7,814485248d89da7454745cdde0fbf5d6
d177856e-6e46-44ee-8eb5-83ef1c7452c7,6cea297cc2537f4ccec9238e2993068e
d177856e-6e46-44ee-8eb5-83ef1c7452c7,fd31159835044fa7ae52344f48ea7302
d177856e-6e46-44ee-8eb5-83ef1c7452c7,f9080fbe84291230a482082967f074f1
d177856e-6e46-44ee-8eb5-83ef1c7452c7,99420bdc26a694292660b4c8c29f4b41
d177856e-6e46-44ee-8eb5-83ef1c7452c7,1b39b689a26e573a0160ef6d4a537222
d177856e-6e46-44ee-8eb5-83ef1c7452c7,9a1747e7a06f9a83e52709b87a236ae1
d177856e-6e46-44ee-8eb5-83ef1c7452c7,82d0f0ea8ce2dd73dae0d1b835b21aea
d177856e-6e46-44ee-8eb5-83ef1c7452c7,b4043360a8a603ce626aae15ceddfa62
d177856e-6e46-44ee-8eb5-83ef1c7452c7,a50c2cce4c7833f71060f6dbeeba741b
d177856e-6e46-44ee-8eb5-83ef1c7452c7,ab30b661c426f0038aec2572f3cadf3a
d177856e-6e46-44ee-8eb5-83ef1c7452c7,6584712702df989b9e88fe8992f2df8f
d177856e-6e46-44ee-8eb5-83ef1c7452c7,36ca128f3770836c46311fb01ade267f
d177856e-6e46-44ee-8eb5-83ef1c7452c7,7cea772171445ef3e870b472a35a073c
d177856e-6e46-44ee-8eb5-83ef1c7452c7,60dd8ce52422c8807eefe8c3ec86c315
d177856e-6e46-44ee-8eb5-83ef1c7452c7,ad8de008e4c61a39c3e42912e6f59ac5
d177856e-6e46-44ee-8eb5-83ef1c7452c7,cfea7e899186a3b98120d10129d697a8
d177856e-6e46-44ee-8eb5-83ef1c7452c7,1aa9217642aab876bc954c9f62524dec
d177856e-6e46-44ee-8eb5-83ef1c7452c7,3b962f7198542ea24934df9fb514788f
d177856e-6e46-44ee-8eb5-83ef1c7452c7,7228f086ed078ded589223d5582c35ee
d177856e-6e46-44ee-8eb5-83ef1c7452c7,8df4cb637735cf5de61398928e22c61d
d177856e-6e46-44ee-8eb5-83ef1c7452c7,634ba6e55e6e213bf89b6803f404be44
d177856e-6e46-44ee-8eb5-83ef1c7452c7,0bbdaf3054efff08643d2c9b1426be23
d177856e-6e46-44ee-8eb5-83ef1c7452c7,aa94cea7f0e3a1109375b5dbb30cc850
d177856e-6e46-44ee-8eb5-83ef1c7452c7,35099143339c2f0d320f11383190d261
d177856e-6e46-44ee-8eb5-83ef1c7452c7,b2af930d12bca86c5400907f87cc5a96
d177856e-6e46-44ee-8eb5-83ef1c7452c7,757b7b7c75b681bd6dc4cab53e0b8095
d177856e-6e46-44ee-8eb5-83ef1c7452c7,6fa7e6552c8f7c13543d54f079197a1c
d177856e-6e46-44ee-8eb5-83ef1c7452c7,dc9ec73efb384e680140d23426a9e783
d177856e-6e46-44ee-8eb5-83ef1c7452c7,d4e2e417bb43edc6d43129da68760504
d177856e-6e46-44ee-8eb5-83ef1c7452c7,84f7a65a699ebcc9c5a8251829f09062
d177856e-6e46-44ee-8eb5-83ef1c7452c7,45431f9e6eb3ba298d50f141bf729d39
d177856e-6e46-44ee-8eb5-83ef1c7452c7,738a9ed1f4c052023f113a79457b259f
d177856e-6e46-44ee-8eb5-83ef1c7452c7,bdb6d1391bfb258f4d1304795f6de4fe
d177856e-6e46-44ee-8eb5-83ef1c7452c7,dfb92fccc3de34a5c54e79775db5f8db
d177856e-6e46-44ee-8eb5-83ef1c7452c7,614c2e5940bbb2c6ffd0187cebb2fb8f
d177856e-6e46-44ee-8eb5-83ef1c7452c7,3d138c6f983234f1bff6f776bdf15582
d177856e-6e46-44ee-8eb5-83ef1c7452c7,95c22de0d285852df9655cf57289f69f
d177856e-6e46-44ee-8eb5-83ef1c7452c7,3d85baf74ec559790d8b6ac6b3ddf9e7
d177856e-6e46-44ee-8eb5-83ef1c7452c7,c24893ac19fe391c119f8bb6b55603d0
d177856e-6e46-44ee-8eb5-83ef1c7452c7,e86fe68d8e17e4e3246d7d2c2e50ba0c
d177856e-6e46-44ee-8eb5-83ef1c7452c7,465ed4ae46eef674e6a044e187fe81d6
d177856e-6e46-44ee-8eb5-83ef1c7452c7,99170c823f9fb36e8ff8d4cd663df17f
d177856e-6e46-44ee-8eb5-83ef1c7452c7,f1fe7ceebc8cd282a9ed7e550824ff1d
d177856e-6e46-44ee-8eb5-83ef1c7452c7,b796e260c0db980e7796d55ef64da170
d177856e-6e46-44ee-8eb5-83ef1c7452c7,85c0a7b4ee3b5df33df67f8daa4daeb0
d177856e-6e46-44ee-8eb5-83ef1c7452c7,793a87b9f7c7711d19ef1fe76870eae0
d177856e-6e46-44ee-8eb5-83ef1c7452c7,1e66431af3a034dd0e73e7e78d16e684
d177856e-6e46-44ee-8eb5-83ef1c7452c7,6cba6b42a9906a3701601894a6198265
d177856e-6e46-44ee-8eb5-83ef1c7452c7,6d1d538535cbfcae3001b2aeae4bef06
d177856e-6e46-44ee-8eb5-83ef1c7452c7,da7d0ccdcf72d8ba7747a9980423117e
d177856e-6e46-44ee-8eb5-83ef1c7452c7,b3c00c660b3a732801a31b40bb8f5ae9
d177856e-6e46-44ee-8eb5-83ef1c7452c7,fd143b10f82a7c2141480f25571e5e12
d177856e-6e46-44ee-8eb5-83ef1c7452c7,097d37bb3ae166444b0a3d56a1be3c0f
d177856e-6e46-44ee-8eb5-83ef1c7452c7,8a7acd23f36cc9ca6ff6fedf88edbf84
d177856e-6e46-44ee-8eb5-83ef1c7452c7,214391776d58d6be84bcf84ee28408e2
d177856e-6e46-44ee-8eb5-83ef1c7452c7,15eda73cccc85862c079f76ffdd53be4
d177856e-6e46-44ee-8eb5-83ef1c7452c7,3dfc1c9dc46d0ca1ac0925f75d0e2b6d
d177856e-6e46-44ee-8eb5-83ef1c7452c7,1794c1b107d42a4e58e39e87f2d4f469
d177856e-6e46-44ee-8eb5-83ef1c7452c7,b1613de0bfbf720fd2409703adf0ae3c
d177856e-6e46-44ee-8eb5-83ef1c7452c7,4ace7e9418fab05d532335f19e96856f
d177856e-6e46-44ee-8eb5-83ef1c7452c7,f6e69faa7df1a9385eef304512605e49
d177856e-6e46-44ee-8eb5-83ef1c7452c7,ca76f26148aa2c46c75d7d06de88d9c9
d177856e-6e46-44ee-8eb5-83ef1c7452c7,e880ea9a68e12549432f00f2d155bf9e
d177856e-6e46-44ee-8eb5-83ef1c7452c7,cdced6ee983f92a21f8402388c0cc8c3
d177856e-6e46-44ee-8eb5-83ef1c7452c7,c02fb0a25ee072c6b4965ecee2200432
d177856e-6e46-44ee-8eb5-83ef1c7452c7,8c60212a40138c34d15d3edfa3c5f204
d177856e-6e46-44ee-8eb5-83ef1c7452c7,c9e8a657952b05eec54fa20f8c441e2e
d177856e-6e46-44ee-8eb5-83ef1c7452c7,edf8b1db9ff4dc40f16a1e3d5b4566db
d177856e-6e46-44ee-8eb5-83ef1c7452c7,3db04f97a3fd80f21b81bed0375cc6ca
d177856e-6e46-44ee-8eb5-83ef1c7452c7,b80f41394eeb99c4b9583b217aeab851
d177856e-6e46-44ee-8eb5-83ef1c7452c7,72208df495ec99c71b7ede49a66887d0
d177856e-6e46-44ee-8eb5-83ef1c7452c7,470ff0f6e3299c66591a5084a2a37bc3
d177856e-6e46-44ee-8eb5-83ef1c7452c7,6a4a6794036ce876852a6a8ddca1a12e
d177856e-6e46-44ee-8eb5-83ef1c7452c7,7ba62949750a695a72649aebcdb20afd
d177856e-6e46-44ee-8eb5-83ef1c7452c7,7dbfaca9c02577023af9cadf73c50aa8
d177856e-6e46-44ee-8eb5-83ef1c7452c7,6d824ae738d3136e4177d0040e828d3b
d177856e-6e46-44ee-8eb5-83ef1c7452c7,ebed2778cca0b3274b9065c8917f96c0
d177856e-6e46-44ee-8eb5-83ef1c7452c7,bb4600609daa3ea9009bdb1bfdcf40a2
d177856e-6e46-44ee-8eb5-83ef1c7452c7,81734cca465e5447d06b13b746008e75
d177856e-6e46-44ee-8eb5-83ef1c7452c7,f754815d7c651fb9cc82390c86f316c1
d177856e-6e46-44ee-8eb5-83ef1c7452c7,e7e95f725358d55f1657e71c228286ad
d177856e-6e46-44ee-8eb5-83ef1c7452c7,311a790c05d00c739452f843670ca7e0
d177856e-6e46-44ee-8eb5-83ef1c7452c7,c042afcc150fa3d5c763757a741e3c04
d177856e-6e46-44ee-8eb5-83ef1c7452c7,03cdec63b7d46d54faf9549284a3a86a
d177856e-6e46-44ee-8eb5-83ef1c7452c7,3394d7d0eaef69256bb0315a02e12919
d177856e-6e46-44ee-8eb5-83ef1c7452c7,13b8149cad6c0a7ad903903160b22da0
d177856e-6e46-44ee-8eb5-83ef1c7452c7,9256891f1613c7315020c05e55ebd00a
d177856e-6e46-44ee-8eb5-83ef1c7452c7,92801f1d5f6b24bf4b1bf3c976e499fb
d177856e-6e46-44ee-8eb5-83ef1c7452c7,9f68571694fa35117944f9b16fd734a7
d177856e-6e46-44ee-8eb5-83ef1c7452c7,18033af11ada40ff5bf40f1119ee359f
d177856e-6e46-44ee-8eb5-83ef1c7452c7,cd1e68ad7a76ff84babcbf08e214b99a
d177856e-6e46-44ee-8eb5-83ef1c7452c7,6487ad6ecece5487b39ba0bd9f940d13
d177856e-6e46-44ee-8eb5-83ef1c7452c7,2d9277c48d610ec423046e39bc145fbc
d177856e-6e46-44ee-8eb5-83ef1c7452c7,8fe0ce4d5aebcc8716c2fd8d032809db
d177856e-6e46-44ee-8eb5-83ef1c7452c7,243a8cb71042486bb3279fb6b933592b
d177856e-6e46-44ee-8eb5-83ef1c7452c7,3325727716420d2ad0b05560b0223dcf
d177856e-6e46-44ee-8eb5-83ef1c7452c7,58707cbbc70cdb690c1ef2bde8f0de3b
d177856e-6e46-44ee-8eb5-83ef1c7452c7,9b838c07dc30fca18ef12472fc6a3968
d177856e-6e46-44ee-8eb5-83ef1c7452c7,0b9e2ce76c4567b9e65e63bc2f9bbebe
d177856e-6e46-44ee-8eb5-83ef1c7452c7,d86cb89e753189aa898d43bc8de19049
d177856e-6e46-44ee-8eb5-83ef1c7452c7,fbe17e7c1bbfeabd877b5117448c4730
d177856e-6e46-44ee-8eb5-83ef1c7452c7,a1ca0619c713b437905e34c95d91f438
d177856e-6e46-44ee-8eb5-83ef1c7452c7,c9d0bba39cdeffa05405d54b21ad482e
d177856e-6e46-44ee-8eb5-83ef1c7452c7,d0fe53ca79cb8a1a6a014e17a3f91d20
d177856e-6e46-44ee-8eb5-83ef1c7452c7,d9de51685b6006c3cbaafe3a15f3b670
d177856e-6e46-44ee-8eb5-83ef1c7452c7,d2b8bc466fe7ea5c233be5f801a53d1c
d177856e-6e46-44ee-8eb5-83ef1c7452c7,082f1e317578b717531eec9831e995b4
d177856e-6e46-44ee-8eb5-83ef1c7452c7,04e8dd6ef6b3b2c7702c2957e7d01309
d177856e-6e46-44ee-8eb5-83ef1c7452c7,f98d9d2f65dcdcadce375becf1e74ed4
d177856e-6e46-44ee-8eb5-83ef1c7452c7,43a2996a36e52312d94a0ac56040544a
d177856e-6e46-44ee-8eb5-83ef1c7452c7,ff23e4bdfc80671814ac273301f74235
d177856e-6e46-44ee-8eb5-83ef1c7452c7,4f62682d62757884c8f88fa4f3125ab9
d177856e-6e46-44ee-8eb5-83ef1c7452c7,a78359d27d60680fc76416c1a83a84e4
d177856e-6e46-44ee-8eb5-83ef1c7452c7,6f8adea84b2ac99c5a47b76f5e82b2a2
d177856e-6e46-44ee-8eb5-83ef1c7452c7,ba6bcb5c0a7cc2ea2bcd37ddea365cba
d177856e-6e46-44ee-8eb5-83ef1c7452c7,c7ddd43778c45ed885cebddac41842d8
d177856e-6e46-44ee-8eb5-83ef1c7452c7,6537f527552b9bd03d622c7795c2a895
d177856e-6e46-44ee-8eb5-83ef1c7452c7,2472b7a185ed11b4ae96868e4dabf587
d177856e-6e46-44ee-8eb5-83ef1c7452c7,efcf2cde3864f6c8293c75067eca5761
d177856e-6e46-44ee-8eb5-83ef1c7452c7,73d00fedf0f05e8ad46133e5d54e529a
d177856e-6e46-44ee-8eb5-83ef1c7452c7,adac092a7167df244dd09de2833d2aa9
d177856e-6e46-44ee-8eb5-83ef1c7452c7,18aa87b0b2ba51ef658dc7cb24f55581
d177856e-6e46-44ee-8eb5-83ef1c7452c7,35419c7aa5bcfce911b5c405a2daec3d
d177856e-6e46-44ee-8eb5-83ef1c7452c7,348b7c23b63d62421643c97cc5a8a770
d177856e-6e46-44ee-8eb5-83ef1c7452c7,85bbe26291a7cc15a219aeca82846d66
d177856e-6e46-44ee-8eb5-83ef1c7452c7,eb09ace6bb782526fd79a379161d0870
d177856e-6e46-44ee-8eb5-83ef1c7452c7,37b536cb08f9ec3cad1e3014ec54deb8
d177856e-6e46-44ee-8eb5-83ef1c7452c7,7527d114b7239b7ddd8fdb057b233ddb
d177856e-6e46-44ee-8eb5-83ef1c7452c7,d4f34aa1a1461cbc917ee57107740d5b
d177856e-6e46-44ee-8eb5-83ef1c7452c7,7f26ab18484d8e400d5d3360af2ac2b0
d177856e-6e46-44ee-8eb5-83ef1c7452c7,0266c347f40664e4f48c25cbfabf2896
d177856e-6e46-44ee-8eb5-83ef1c7452c7,d7a7c412907c3ec082bdf65888cc5e64
d177856e-6e46-44ee-8eb5-83ef1c7452c7,87bf500a6e30f3ef6bb7e2f99a108998
d177856e-6e46-44ee-8eb5-83ef1c7452c7,5d32e73c3eff2e1afdb4aa11846c9a72
d177856e-6e46-44ee-8eb5-83ef1c7452c7,59d4bc09dbedf07f70181603302bfba3
d177856e-6e46-44ee-8eb5-83ef1c7452c7,3b53ae80d5315b7d278d894844bcbd38
d177856e-6e46-44ee-8eb5-83ef1c7452c7,8466be360ac0fcc4db6b7a1331cad045
d177856e-6e46-44ee-8eb5-83ef1c7452c7,7395d4a44999c7d5131a68056f6b6967
d177856e-6e46-44ee-8eb5-83ef1c7452c7,32b77abb263100801b9b8a17015e83a1
d177856e-6e46-44ee-8eb5-83ef1c7452c7,bfea2205b6aa699a09e6c3e7fcf2fc7e
d177856e-6e46-44ee-8eb5-83ef1c7452c7,3b485192df8fcc2e0b753883e01e61f6
d177856e-6e46-44ee-8eb5-83ef1c7452c7,b3381773783f90bb72d7fe8c4e8d17c0
d177856e-6e46-44ee-8eb5-83ef1c7452c7,9f3f2ccbd64b4ce8e2c1be5d59191d4c
d177856e-6e46-44ee-8eb5-83ef1c7452c7,c19a6747479556993c85bb347b149e04
d177856e-6e46-44ee-8eb5-83ef1c7452c7,3fc1c89d8a06d71704fdfccc71927135
d177856e-6e46-44ee-8eb5-83ef1c7452c7,751ecc032aec8fd11fc46d16a049295e
d177856e-6e46-44ee-8eb5-83ef1c7452c7,da8a86a89ddde393b2be3ef28599d57c
d177856e-6e46-44ee-8eb5-83ef1c7452c7,b232131fadaaf55357550817785f8b1a
d177856e-6e46-44ee-8eb5-83ef1c7452c7,dfbcdc85d231af71aaff764ec112361c
d177856e-6e46-44ee-8eb5-83ef1c7452c7,91dc26898b5cb2204ae973513917912d
d177856e-6e46-44ee-8eb5-83ef1c7452c7,723a160d85c7bae06a463461aa09ef13
d177856e-6e46-44ee-8eb5-83ef1c7452c7,fd082162b124cc5131d04b784d924ffe
d177856e-6e46-44ee-8eb5-83ef1c7452c7,08ed6954fc513780b7a4b7ce6d4251d2
d177856e-6e46-44ee-8eb5-83ef1c7452c7,32cf04592daa181e340052f495e74afc
d177856e-6e46-44ee-8eb5-83ef1c7452c7,4187f722aec134cebcbf09dbd8803c8b
d177856e-6e46-44ee-8eb5-83ef1c7452c7,59a95ef222d009fdacd8671453ab76ab
d177856e-6e46-44ee-8eb5-83ef1c7452c7,782682778ee206ce21e54135a5b6cbf3
d177856e-6e46-44ee-8eb5-83ef1c7452c7,95f7f9841bbfd64c8e4c2f793780be7f
d177856e-6e46-44ee-8eb5-83ef1c7452c7,ee12a29fa428a701e5dc2e1aa007194c
d177856e-6e46-44ee-8eb5-83ef1c7452c7,219cc9b025196a4e79825777432d3a87
d177856e-6e46-44ee-8eb5-83ef1c7452c7,5a6a1218168d64d032f22376215b1285
d177856e-6e46-44ee-8eb5-83ef1c7452c7,2cee0282de076a57e48fc5b60262e647
d177856e-6e46-44ee-8eb5-83ef1c7452c7,a09cf654b96471e82d93fe6cc1a6c089
d177856e-6e46-44ee-8eb5-83ef1c7452c7,4c46987e0d09eebcaddffa47f41bdd36
d177856e-6e46-44ee-8eb5-83ef1c7452c7,9bd9cf0638cdc5ed0e916ad035a58e71
d177856e-6e46-44ee-8eb5-83ef1c7452c7,ffb16485ba8d8adb18be64961a7a03f8
d177856e-6e46-44ee-8eb5-83ef1c7452c7,b9e7612a66654a9c383ed1bb79cc9ae1
d177856e-6e46-44ee-8eb5-83ef1c7452c7,6d04e86491c8ac0fb427d0a5281268e4
d177856e-6e46-44ee-8eb5-83ef1c7452c7,6abbbb32cbead065ba35ed427ac3bdf3
d177856e-6e46-44ee-8eb5-83ef1c7452c7,c206e00e979316f989d8c0e3c2da8b4a
d177856e-6e46-44ee-8eb5-83ef1c7452c7,d0a91ac8093be72a174544ccc1cf8626
d177856e-6e46-44ee-8eb5-83ef1c7452c7,593b4c008d90da181bb7bb3ca1c04540
d177856e-6e46-44ee-8eb5-83ef1c7452c7,0ce6f5f9e16241564ea6e66c5f18f077
d177856e-6e46-44ee-8eb5-83ef1c7452c7,eabae918b0c87659716846462c72b570
d177856e-6e46-44ee-8eb5-83ef1c7452c7,0a9cf73b5036a4e93e09063587a01eda
d177856e-6e46-44ee-8eb5-83ef1c7452c7,6b3d65a3f5d99ea7c396de1ff4bc52da
d177856e-6e46-44ee-8eb5-83ef1c7452c7,563b80b9d079c19ef8f42d71da6ae0be
d177856e-6e46-44ee-8eb5-83ef1c7452c7,971ac99fe8937c6c5eebe2e9c120f19c
d177856e-6e46-44ee-8eb5-83ef1c7452c7,6cd7fb3b8b86ec2b931e6f723723b8c2
d177856e-6e46-44ee-8eb5-83ef1c7452c7,29e4bdd544450ae2802516ed29a0cf2e
d177856e-6e46-44ee-8eb5-83ef1c7452c7,19be741f8add37fa2c26136dcd5d9d49
d177856e-6e46-44ee-8eb5-83ef1c7452c7,3fbc10ed8e5a8170ee8095e1ef851208
d177856e-6e46-44ee-8eb5-83ef1c7452c7,6593442a7bad5b55e25926b62cc77d50
d177856e-6e46-44ee-8eb5-83ef1c7452c7,a7fd9c5cf00a08375e250813ae91bc56
d177856e-6e46-44ee-8eb5-83ef1c7452c7,261ea17e2ead8515151d75e5d9fde229
d177856e-6e46-44ee-8eb5-83ef1c7452c7,3e1d8926447f72329767032a0284b149
d177856e-6e46-44ee-8eb5-83ef1c7452c7,0ba4fe44c0b03c36ee83484ebba97ead
d177856e-6e46-44ee-8eb5-83ef1c7452c7,1a476b04f5d515363fb5803f5a48c529
d177856e-6e46-44ee-8eb5-83ef1c7452c7,623e45c26baf4631ee9377751bffc3e2
d177856e-6e46-44ee-8eb5-83ef1c7452c7,86d7a50f6c76bc6ba839c5d059395ef2
d177856e-6e46-44ee-8eb5-83ef1c7452c7,29866557a1bb34dee38301927b4217f0
d177856e-6e46-44ee-8eb5-83ef1c7452c7,7648f22eb48f7d36a32ebf1da2b15f54
d177856e-6e46-44ee-8eb5-83ef1c7452c7,3e2a815ad25a9e8d2ebcd94de30530ed
d177856e-6e46-44ee-8eb5-83ef1c7452c7,e44c934a5537037439ec9138227d449e
d177856e-6e46-44ee-8eb5-83ef1c7452c7,efff42d8f68680ad4134a994b077cbe1
d177856e-6e46-44ee-8eb5-83ef1c7452c7,1405d7862aa76c28a0aee889379167df
d177856e-6e46-44ee-8eb5-83ef1c7452c7,6657dd64d6245d90ed3112ad5e3459c6
d177856e-6e46-44ee-8eb5-83ef1c7452c7,7ba4f214223b53d2010b5373acaeec78
d177856e-6e46-44ee-8eb5-83ef1c7452c7,4f69a5c4636dd406edc01491a60f5030
d177856e-6e46-44ee-8eb5-83ef1c7452c7,f69ff2d8e199577b24064a0d65b33639
d177856e-6e46-44ee-8eb5-83ef1c7452c7,c52a437cd049fe42fb2cbb5d7b40be63
d177856e-6e46-44ee-8eb5-83ef1c7452c7,d0b08d7f9a6142a36cf3ab9baa92cc10
d177856e-6e46-44ee-8eb5-83ef1c7452c7,31838b83ac6aa9c5c2cc2b121b93e12c
d177856e-6e46-44ee-8eb5-83ef1c7452c7,f4a4cea2496397cd68543a5c0e022698
d177856e-6e46-44ee-8eb5-83ef1c7452c7,4892847e78c138a3c54a304df19a1ac3
d177856e-6e46-44ee-8eb5-83ef1c7452c7,a122fc15eb1ecc14d6d9b1b6157c4061
d177856e-6e46-44ee-8eb5-83ef1c7452c7,73c209a3f9a1573df7fdb4569f323519
d177856e-6e46-44ee-8eb5-83ef1c7452c7,f01924b518f03ae321ddbeaf500f5a24
d177856e-6e46-44ee-8eb5-83ef1c7452c7,f7fc84dd9957f44ed1baf3b4c3ea48a5
d177856e-6e46-44ee-8eb5-83ef1c7452c7,be26171b12553d7cf5ec9f9194e62076
d177856e-6e46-44ee-8eb5-83ef1c7452c7,3e485b4e87e2cc191aaa31121ff75dfe
d177856e-6e46-44ee-8eb5-83ef1c7452c7,aa01865ef2a9dd09ab8a7279292a4328
d177856e-6e46-44ee-8eb5-83ef1c7452c7,9e1eaa47e18181f5a2bb1a036080f75b
d177856e-6e46-44ee-8eb5-83ef1c7452c7,81edd330c1849cef78ef659eb1f325ea
d177856e-6e46-44ee-8eb5-83ef1c7452c7,87757133e6fe24c1d23218ddf36f4c18
d177856e-6e46-44ee-8eb5-83ef1c7452c7,2122f5355219787036a3530ed7f37712
d177856e-6e46-44ee-8eb5-83ef1c7452c7,81da12f46a6bc199ac2cad0011950ad8
d177856e-6e46-44ee-8eb5-83ef1c7452c7,e047c1a5f3453097ba38f7e935faffae
d177856e-6e46-44ee-8eb5-83ef1c7452c7,76dfc21489ede18ab1750000afd7c3f0
d177856e-6e46-44ee-8eb5-83ef1c7452c7,a2ff080ef2f9d883642bf5e36e6a34cb
d177856e-6e46-44ee-8eb5-83ef1c7452c7,f5713e6ec295f1ba81dad98c10226148
d177856e-6e46-44ee-8eb5-83ef1c7452c7,fc321eb97c82e13423dde8691c573cb7
d177856e-6e46-44ee-8eb5-83ef1c7452c7,c76a8e93c43efe7697c17fbdb4b01bb6
d177856e-6e46-44ee-8eb5-83ef1c7452c7,cd53564ed13163afa4f84627cb9b8d6b
d177856e-6e46-44ee-8eb5-83ef1c7452c7,07724658ef08a4dbe99e19c8f4b9c656
d177856e-6e46-44ee-8eb5-83ef1c7452c7,ca15d4d3e2e1850c3f7afd35e874a0be
d177856e-6e46-44ee-8eb5-83ef1c7452c7,ee27858b3e60af7f487e8f3ce44a1ac3
d177856e-6e46-44ee-8eb5-83ef1c7452c7,5fb45432c2646494e2c353a23e2900a1
d177856e-6e46-44ee-8eb5-83ef1c7452c7,fd0e1bfd4b0abce2d38add5b6b493c73
d177856e-6e46-44ee-8eb5-83ef1c7452c7,1e607ee8adf3970040ca7e151c9ca5a3
d177856e-6e46-44ee-8eb5-83ef1c7452c7,5e0f7007edd9b88919d67b1a0e87c9d7
d177856e-6e46-44ee-8eb5-83ef1c7452c7,2827e1e5ab989648bd4bc1bd9aaaa51b
d177856e-6e46-44ee-8eb5-83ef1c7452c7,176e1b8a2a507573674929b47efa9aab
d177856e-6e46-44ee-8eb5-83ef1c7452c7,5d15a2cf1edf5184cdc89712f488988f
d177856e-6e46-44ee-8eb5-83ef1c7452c7,fb95cb1bce1d2516f8f30c195217f57a
d177856e-6e46-44ee-8eb5-83ef1c7452c7,a45b067d6923bb751d400811cefeec3a
d177856e-6e46-44ee-8eb5-83ef1c7452c7,43365503f6796e412ffc510c53be655e
d177856e-6e46-44ee-8eb5-83ef1c7452c7,0f4e97e75865f4adaeda8bde72eff095
d177856e-6e46-44ee-8eb5-83ef1c7452c7,e7706bc77985e8c149ee2f2ffa949e98
d177856e-6e46-44ee-8eb5-83ef1c7452c7,f2e07ccbbc099a438f675c241b7fa554
d177856e-6e46-44ee-8eb5-83ef1c7452c7,345c0b03da7b1911360b02a4c9f0efd2
d177856e-6e46-44ee-8eb5-83ef1c7452c7,de6a2986c6da47d461fe61382f9218b9
d177856e-6e46-44ee-8eb5-83ef1c7452c7,3a81762d27732b7d0e9a43ece991ad8c
d177856e-6e46-44ee-8eb5-83ef1c7452c7,ccb0efef8ad0658b9d659f7b5141f7ac
d177856e-6e46-44ee-8eb5-83ef1c7452c7,b1787b4b4b8b144f4dd1ef7b30f916d8
d177856e-6e46-44ee-8eb5-83ef1c7452c7,8de827bac32e77563d7f74f9821db277
d177856e-6e46-44ee-8eb5-83ef1c7452c7,b4bdd8514667ba7accc56dc1776723c9
d177856e-6e46-44ee-8eb5-83ef1c7452c7,fed58803984027c7a42b1e9047114c7e
d177856e-6e46-44ee-8eb5-83ef1c7452c7,392f71be1f2023bdaa7efa18595ebd31
d177856e-6e46-44ee-8eb5-83ef1c7452c7,ce03c888ebfade56f70d1f22098af61d
d177856e-6e46-44ee-8eb5-83ef1c7452c7,4ac58d98d7e94deb0493c32e799147bb
d177856e-6e46-44ee-8eb5-83ef1c7452c7,0727206b3c0894c624793a0961478a6a
d177856e-6e46-44ee-8eb5-83ef1c7452c7,bc2d2f6db45c95413b4d276f10a7a88e
d177856e-6e46-44ee-8eb5-83ef1c7452c7,8646cfa1df66baacf430ea6a8ee52181
d177856e-6e46-44ee-8eb5-83ef1c7452c7,95a8fa4f3f4356ed16ad07eed173aaf4
d177856e-6e46-44ee-8eb5-83ef1c7452c7,cfcbff3daf73fa4d8f1b4f3d7beb8d62
d177856e-6e46-44ee-8eb5-83ef1c7452c7,634787adb14de30d88682a618893eccd
d177856e-6e46-44ee-8eb5-83ef1c7452c7,a660cc056db291906913558a138a4be7
d177856e-6e46-44ee-8eb5-83ef1c7452c7,09f2289d78273e01f9bbb48d6639d67e
d177856e-6e46-44ee-8eb5-83ef1c7452c7,9e6285a55b4a1d7ee3cec892a4423ec3
d177856e-6e46-44ee-8eb5-83ef1c7452c7,f4f4abf10e7cced18152af1e96b7a65c
d177856e-6e46-44ee-8eb5-83ef1c7452c7,f147b516c94a8ead68e585d7f20f7bb4
d177856e-6e46-44ee-8eb5-83ef1c7452c7,65fa27a510492a6b8e64aab0c598acc8
d177856e-6e46-44ee-8eb5-83ef1c7452c7,133036d26e63a70b5b15060167ff05d1
d177856e-6e46-44ee-8eb5-83ef1c7452c7,45807b23ec7127e05b9e5794a1279842
d177856e-6e46-44ee-8eb5-83ef1c7452c7,5c7014c61770c7ab27a5431f8c5c1e21
d177856e-6e46-44ee-8eb5-83ef1c7452c7,1876fc6b453f18dfeba19cd59846d49b
d177856e-6e46-44ee-8eb5-83ef1c7452c7,0b11cb0f8ce40c8f76f2e9e07a66216d
d177856e-6e46-44ee-8eb5-83ef1c7452c7,e995c737f9bcd9a491ef91e877fbab6a
d177856e-6e46-44ee-8eb5-83ef1c7452c7,7f24bb22bd5239bf5e568fe7ef465005
d177856e-6e46-44ee-8eb5-83ef1c7452c7,ddfe85e6dd051d01469952008760c64c
d177856e-6e46-44ee-8eb5-83ef1c7452c7,b844aae1cd52172d7693e387209f22c3
d177856e-6e46-44ee-8eb5-83ef1c7452c7,6fde5848d6eac3a751077763597e2865
d177856e-6e46-44ee-8eb5-83ef1c7452c7,7638a8cc3aee4d6880f35fe85bb1f54c
d177856e-6e46-44ee-8eb5-83ef1c7452c7,674e5d3bdc0df973ac09292635ca30a6
d177856e-6e46-44ee-8eb5-83ef1c7452c7,1ac0438a2d539e92f902f3f3f8213b27
d177856e-6e46-44ee-8eb5-83ef1c7452c7,9456e883be7f4a417454bdeff6270484
d177856e-6e46-44ee-8eb5-83ef1c7452c7,c043f84324f055c8f8801cab1a3e1c2a
d177856e-6e46-44ee-8eb5-83ef1c7452c7,c85423662556e0896fe9bc4192d9f48e
d177856e-6e46-44ee-8eb5-83ef1c7452c7,e9008aa7712fa2187800c58bd3e5ecd5
d177856e-6e46-44ee-8eb5-83ef1c7452c7,743a98d32f7cd510b7c5018b0cd330ab
d177856e-6e46-44ee-8eb5-83ef1c7452c7,ba4d10033e04b88a632420bb19739710
d177856e-6e46-44ee-8eb5-83ef1c7452c7,1a3f5a621588417153af3fffd83f1bf5
d177856e-6e46-44ee-8eb5-83ef1c7452c7,00610b15727dae0a1434093ba295b1df
d177856e-6e46-44ee-8eb5-83ef1c7452c7,b74a0cfe3bd93af5d313f6f449c36284
d177856e-6e46-44ee-8eb5-83ef1c7452c7,6399ead210a87aea72c4dc654ad96725
d177856e-6e46-44ee-8eb5-83ef1c7452c7,260490f02f9f5cc30d90285397a7cf48
d177856e-6e46-44ee-8eb5-83ef1c7452c7,9606aa9947e6d063928d6608816ad47e
d177856e-6e46-44ee-8eb5-83ef1c7452c7,078a43868c28d46a77af9aeb96c7cf7e
d177856e-6e46-44ee-8eb5-83ef1c7452c7,186d6449078bfbb7399fd8f9c951c2a7
d177856e-6e46-44ee-8eb5-83ef1c7452c7,029422443a7016ce3627d6a3890c131f
d177856e-6e46-44ee-8eb5-83ef1c7452c7,5a9c9210498ca1a1e3c86a1280929363
d177856e-6e46-44ee-8eb5-83ef1c7452c7,73cd6c45d82417d62559be13b29c3845
d177856e-6e46-44ee-8eb5-83ef1c7452c7,311f7abf757d547996ed1ac48b4edc71
d177856e-6e46-44ee-8eb5-83ef1c7452c7,af395d7dacb36d87faa8be439a4adebc
d177856e-6e46-44ee-8eb5-83ef1c7452c7,93ef257c2dcc4992f5c871dd18d308cf
d177856e-6e46-44ee-8eb5-83ef1c7452c7,a20938c559238904eb31cf42bd66f565
d177856e-6e46-44ee-8eb5-83ef1c7452c7,102293b5a4513858de499587ade4fd02
d177856e-6e46-44ee-8eb5-83ef1c7452c7,53347140e0428a05f17342b8142ed865
d177856e-6e46-44ee-8eb5-83ef1c7452c7,c313417164ce54e69e85d4ea8754c47e
d177856e-6e46-44ee-8eb5-83ef1c7452c7,d2c847ed0335a103136898ecfdfacc9d
d177856e-6e46-44ee-8eb5-83ef1c7452c7,cdcc03549e1576aa2d1c1c306c7bf1ac
d177856e-6e46-44ee-8eb5-83ef1c7452c7,ec1e0e9607b5ecc27351a7e0aa7d6d43
d177856e-6e46-44ee-8eb5-83ef1c7452c7,ad260fcd29149a352a3c74e986751c5d
d177856e-6e46-44ee-8eb5-83ef1c7452c7,1aea4d3317a5360613fadfa40c713e5f
d177856e-6e46-44ee-8eb5-83ef1c7452c7,ca68f36e23903164fac584a701450797
d177856e-6e46-44ee-8eb5-83ef1c7452c7,cc6534e7ba825d509801154715edd8c7
d177856e-6e46-44ee-8eb5-83ef1c7452c7,fff7ad02d7b52e25c477eeeadba96081
d177856e-6e46-44ee-8eb5-83ef1c7452c7,704acc98e152268fa7ca8c7ab2edf2c1
d177856e-6e46-44ee-8eb5-83ef1c7452c7,3c9a6e5947364d240c5d3cde47b7d9d4
d177856e-6e46-44ee-8eb5-83ef1c7452c7,2c6de3f3dd53c3dc67dc9a7d7515d83e
d177856e-6e46-44ee-8eb5-83ef1c7452c7,57b39f9540f33070e297d7b0fcb99a42
d177856e-6e46-44ee-8eb5-83ef1c7452c7,07dda60d64afcd2e030c42d0e139e035
d177856e-6e46-44ee-8eb5-83ef1c7452c7,ab86a9a1cf7881ae7bfc2cad761ab08c
d177856e-6e46-44ee-8eb5-83ef1c7452c7,e8be2be1a704ea38804fe6a7d108fca3
d177856e-6e46-44ee-8eb5-83ef1c7452c7,897c330df9d5afe0d07f1f3a069b3050
d177856e-6e46-44ee-8eb5-83ef1c7452c7,1a269b665ffff5592dd7a6b236503ee1
d177856e-6e46-44ee-8eb5-83ef1c7452c7,d1c554f682ba0c8fdb0f3f46c1d2f2d9
d177856e-6e46-44ee-8eb5-83ef1c7452c7,704df5f7f0c85d7b85eb59ec4e7c6218
d177856e-6e46-44ee-8eb5-83ef1c7452c7,10813d794bb49a05af5e80fa8d0d4fad
d177856e-6e46-44ee-8eb5-83ef1c7452c7,4fae10485a733ab9c2efcf62163be682
d177856e-6e46-44ee-8eb5-83ef1c7452c7,223cc2c5239bd31bca39193d6e480699
d177856e-6e46-44ee-8eb5-83ef1c7452c7,3ae07fb8d48928774157ea01c491ee7d
d177856e-6e46-44ee-8eb5-83ef1c7452c7,3ad595d2c14a1217ac9fbff8d752076e
d177856e-6e46-44ee-8eb5-83ef1c7452c7,f02b7c3210e644c07e0439120f588d7b
d177856e-6e46-44ee-8eb5-83ef1c7452c7,98897fc6ba78dc85fa2be866c26bd139
d177856e-6e46-44ee-8eb5-83ef1c7452c7,c632fb5a5d12a3900852d6153cd1cd94
d177856e-6e46-44ee-8eb5-83ef1c7452c7,316f1cb6512c63c6887508cc77f43ca7
d177856e-6e46-44ee-8eb5-83ef1c7452c7,62db44a772f6871f8df9e625ff5581e2
d177856e-6e46-44ee-8eb5-83ef1c7452c7,0ae93eae031846d4628f3b5aa2c9c5ba
d177856e-6e46-44ee-8eb5-83ef1c7452c7,2a900dda513aa661303e482356705c89
d177856e-6e46-44ee-8eb5-83ef1c7452c7,f452b9338d1029b6aed7314937163747
d177856e-6e46-44ee-8eb5-83ef1c7452c7,6529b1a30317e31791be2615b32576e4
d177856e-6e46-44ee-8eb5-83ef1c7452c7,7d2183be53aa2766f2425cc030dcac5e
d177856e-6e46-44ee-8eb5-83ef1c7452c7,b1d564fd4b55c00e3c6369084e8a0429
d177856e-6e46-44ee-8eb5-83ef1c7452c7,69a88c1a4a19c7aff36c6d5de5a82e24
d177856e-6e46-44ee-8eb5-83ef1c7452c7,c16d26d9a4d01ec02f831d30990e6a3c
d177856e-6e46-44ee-8eb5-83ef1c7452c7,8cf1083676ccc5f17ab0ffb57efeecfd
d177856e-6e46-44ee-8eb5-83ef1c7452c7,f19b25eec9a815cd86dba327f3023f26
d177856e-6e46-44ee-8eb5-83ef1c7452c7,baf200c3e7a6c763c40a5c8bc64edc1a
d177856e-6e46-44ee-8eb5-83ef1c7452c7,258bd46e2e21f7713f9cf0c3639921a8
d177856e-6e46-44ee-8eb5-83ef1c7452c7,15fb9f1ecc2cdda8cc25286012d696f4
d177856e-6e46-44ee-8eb5-83ef1c7452c7,9de17f1c8a9fa694be0a0dac1b97b633
d177856e-6e46-44ee-8eb5-83ef1c7452c7,7bb533bb42b1a0b7a4c0bdefc296a792
d177856e-6e46-44ee-8eb5-83ef1c7452c7,33692d556a2c9819ce4c1e52ed66f3bb
d177856e-6e46-44ee-8eb5-83ef1c7452c7,fc0a506a2ac74ab13e0b18b692174c7c
d177856e-6e46-44ee-8eb5-83ef1c7452c7,3ad12727198a2d01ad44525bf7b994a7
d177856e-6e46-44ee-8eb5-83ef1c7452c7,ed9ebdbf91307f9d2a7209023a84ab55
d177856e-6e46-44ee-8eb5-83ef1c7452c7,a7b6376d0a11d0ace0b8253eb1567cb6
d177856e-6e46-44ee-8eb5-83ef1c7452c7,a7204c5869ed87ca220fb0db0a624e31
d177856e-6e46-44ee-8eb5-83ef1c7452c7,fbdacf88eac51e47dc3174063244b392
d177856e-6e46-44ee-8eb5-83ef1c7452c7,53ccce66dd5ebdb523bc84224fb5d335
d177856e-6e46-44ee-8eb5-83ef1c7452c7,516122127951e43725f2a8d3c2373041
d177856e-6e46-44ee-8eb5-83ef1c7452c7,a58531d223bab7343f3413d583fb1b29
d177856e-6e46-44ee-8eb5-83ef1c7452c7,f43e9899db69ae79fc0a3eb7f57d8861
d177856e-6e46-44ee-8eb5-83ef1c7452c7,91b0f8aeda53d9f093e7a2b2c1f2c36b
d177856e-6e46-44ee-8eb5-83ef1c7452c7,440fb55f9e8ce51c07ba4c3bb4428987
d177856e-6e46-44ee-8eb5-83ef1c7452c7,cb926028138a916553163d560db45ed5
d177856e-6e46-44ee-8eb5-83ef1c7452c7,6f1557c350030155a228a1769e87dc5d
d177856e-6e46-44ee-8eb5-83ef1c7452c7,f91deb4478f142c29a0e3f769cb30a6b
d177856e-6e46-44ee-8eb5-83ef1c7452c7,7d9a674ff0db5e8e678a8abb623b0551
d177856e-6e46-44ee-8eb5-83ef1c7452c7,8fa17fa630804893ca30f5bced971188
d177856e-6e46-44ee-8eb5-83ef1c7452c7,89a59a93dd9a9fb4fc12dcee85e0abd3
d177856e-6e46-44ee-8eb5-83ef1c7452c7,1575a7462e7845e36fbbf62e9cb82aef
d177856e-6e46-44ee-8eb5-83ef1c7452c7,d338861295e2937ba16a253d76b9511f
d177856e-6e46-44ee-8eb5-83ef1c7452c7,a5c017a27f39b2851efe199f6323fb07
d177856e-6e46-44ee-8eb5-83ef1c7452c7,fc7e81a425f4737bb9f48ad5e773f6e1
d177856e-6e46-44ee-8eb5-83ef1c7452c7,8f469bad521b4d0b9fe38349caddc92e
d177856e-6e46-44ee-8eb5-83ef1c7452c7,b43890f67d60d9c61a5c887d45452043
d177856e-6e46-44ee-8eb5-83ef1c7452c7,ab8f3993d0dff3d6e01602292bc1b544
d177856e-6e46-44ee-8eb5-83ef1c7452c7,f8b246504af13fa80f7214a11f4b18c8
d177856e-6e46-44ee-8eb5-83ef1c7452c7,0fd52f0ff6375ab3bbc11ec1b93c35dd
d177856e-6e46-44ee-8eb5-83ef1c7452c7,41334c89c711c6a56e146ad4be9aa441
d177856e-6e46-44ee-8eb5-83ef1c7452c7,afe97224bd266d57b969a35731fa921b
d177856e-6e46-44ee-8eb5-83ef1c7452c7,4ebd4d23b4c5de93d85bba222abbd57c
d177856e-6e46-44ee-8eb5-83ef1c7452c7,53781395819c12b2471c26ebb81d17ee
d177856e-6e46-44ee-8eb5-83ef1c7452c7,2006d53797679d305e63260209701716
d177856e-6e46-44ee-8eb5-83ef1c7452c7,bcf40e572ef12dba6a597a986e8df9aa
d177856e-6e46-44ee-8eb5-83ef1c7452c7,a9925b789b85563457dd7a21a662659c
d177856e-6e46-44ee-8eb5-83ef1c7452c7,3f276608889246dce9b2267a80373209
d177856e-6e46-44ee-8eb5-83ef1c7452c7,5aec3cca209d7db596cb493fa6f0f3dc
d177856e-6e46-44ee-8eb5-83ef1c7452c7,5fd5033ed6adeb5a4ce4bb9e0849eef0
d177856e-6e46-44ee-8eb5-83ef1c7452c7,4b8c921eb31928fd7301f3a401ebf98d
d177856e-6e46-44ee-8eb5-83ef1c7452c7,3885e98b6a30f85f0deb4d1c25399a3c
d177856e-6e46-44ee-8eb5-83ef1c7452c7,09506d8df19a98000b671a84c211366b
d177856e-6e46-44ee-8eb5-83ef1c7452c7,39d98cb33a570575978b83d88723335e
d177856e-6e46-44ee-8eb5-83ef1c7452c7,fb878a38164496c1c924d2ae363eb253
d177856e-6e46-44ee-8eb5-83ef1c7452c7,fd3761af289ca60aca259c559c8000d2
d177856e-6e46-44ee-8eb5-83ef1c7452c7,4387051c0839cdb56b737d98db94fd1d
d177856e-6e46-44ee-8eb5-83ef1c7452c7,68697436b9bd6188761a8199552106b0
d177856e-6e46-44ee-8eb5-83ef1c7452c7,13375faaeee1bcd6b0f37a8497a9c3be
d177856e-6e46-44ee-8eb5-83ef1c7452c7,974def58a08dde8a7ac7386323f7867a
d177856e-6e46-44ee-8eb5-83ef1c7452c7,297cf05fe262103d0087e931d5df2a38
d177856e-6e46-44ee-8eb5-83ef1c7452c7,71b0ec7210b99a16661478dc27112307
d177856e-6e46-44ee-8eb5-83ef1c7452c7,0a932c7f6b65f095302f2af8f4c91bfe
d177856e-6e46-44ee-8eb5-83ef1c7452c7,6d6c4d3d575c1fe21f1f245ccca1015e
d177856e-6e46-44ee-8eb5-83ef1c7452c7,d0dc005282eb0e4d7ae2f44645dc3d32
d177856e-6e46-44ee-8eb5-83ef1c7452c7,6abb174398bb3486192835dabb7d1ced
d177856e-6e46-44ee-8eb5-83ef1c7452c7,8cf986a6e1401cbdee86367d726997ba
d177856e-6e46-44ee-8eb5-83ef1c7452c7,0ea0aab79ffa03a462c514bca41844f8
d177856e-6e46-44ee-8eb5-83ef1c7452c7,5f26242510303bbe73485be5b05152d1
d177856e-6e46-44ee-8eb5-83ef1c7452c7,8b51f8a8280c333fce7b83da716625d6
d177856e-6e46-44ee-8eb5-83ef1c7452c7,d831eb016e830c7b45d54471009d517a
d177856e-6e46-44ee-8eb5-83ef1c7452c7,50f07120ad7763649190dee52e4d9cf4
d177856e-6e46-44ee-8eb5-83ef1c7452c7,a61955c899efbfcb8ba4782ef4b21546
d177856e-6e46-44ee-8eb5-83ef1c7452c7,61bf153a0a665f86d19a53d08b899b39
d177856e-6e46-44ee-8eb5-83ef1c7452c7,0a217a2ab654cdbcf6ed34e510d862b2
d177856e-6e46-44ee-8eb5-83ef1c7452c7,34247a4a9332136e1469c804e546254e
d177856e-6e46-44ee-8eb5-83ef1c7452c7,2e50bcf051c2b9bbd92c8e8ac75f0382
d177856e-6e46-44ee-8eb5-83ef1c7452c7,801c26a1bf6f0aa0c10ce602f1b2e5cd
d177856e-6e46-44ee-8eb5-83ef1c7452c7,720d9c096ebfbf9cefed3b773a4ab108
d177856e-6e46-44ee-8eb5-83ef1c7452c7,d7f68186712fc87e0a96bfa18db1cd0c
d177856e-6e46-44ee-8eb5-83ef1c7452c7,9dd792b069354eaf397fd7a1ed0a6d61
d177856e-6e46-44ee-8eb5-83ef1c7452c7,90de630c02e343f0897ada3eaca953d7
d177856e-6e46-44ee-8eb5-83ef1c7452c7,e69d2f2788efd1dd5fa27f2209079368
d177856e-6e46-44ee-8eb5-83ef1c7452c7,b38c79826951c38e60a34097f19d1c24
d177856e-6e46-44ee-8eb5-83ef1c7452c7,d086c056e46ac74ea772602049b94792
d177856e-6e46-44ee-8eb5-83ef1c7452c7,9682129fc1bffd7d8b2a671fbdd49378
d177856e-6e46-44ee-8eb5-83ef1c7452c7,857f51c58a2fe130b4d9e711a4ff012f
d177856e-6e46-44ee-8eb5-83ef1c7452c7,428a110d91a4527d9422a6678de79890
d177856e-6e46-44ee-8eb5-83ef1c7452c7,2f52a93cd1e69750a3e97214b41a177c
d177856e-6e46-44ee-8eb5-83ef1c7452c7,51ce55f1d01d1cef28057f52a228b9fa
d177856e-6e46-44ee-8eb5-83ef1c7452c7,5778b97ec9c2c2183c4e877968bf831e
d177856e-6e46-44ee-8eb5-83ef1c7452c7,d3562563a7b34a74702bfef5b9fb3a09
d177856e-6e46-44ee-8eb5-83ef1c7452c7,8166e30a2a1775efe6a84f2df423dce7
d177856e-6e46-44ee-8eb5-83ef1c7452c7,59128f918347654e20e7f10fc0eb20f1
d177856e-6e46-44ee-8eb5-83ef1c7452c7,3d1e72150a29f1a51adc8921254ee840
d177856e-6e46-44ee-8eb5-83ef1c7452c7,073b7df32286ffad8ecb22605fa51958
d177856e-6e46-44ee-8eb5-83ef1c7452c7,077df05eb89696f6cedb559b3ad9236d
d177856e-6e46-44ee-8eb5-83ef1c7452c7,85785661ff912b43c1862d2b18f7b340
d177856e-6e46-44ee-8eb5-83ef1c7452c7,26b3dc1bbf75408d0fe3e40bceceeaae
d177856e-6e46-44ee-8eb5-83ef1c7452c7,140db52077379d8e08433128cdd0b05d
d177856e-6e46-44ee-8eb5-83ef1c7452c7,d08907b7a431ab3545d55a0186ce69cf
d177856e-6e46-44ee-8eb5-83ef1c7452c7,7b76c40b30eebbd29787d0f846447dd8
d177856e-6e46-44ee-8eb5-83ef1c7452c7,f1622508d1e10dc4d00a9cb41c792cf8
d177856e-6e46-44ee-8eb5-83ef1c7452c7,cc434429d5821b03ae32272063c3dd7f
d177856e-6e46-44ee-8eb5-83ef1c7452c7,3a4aa17a5e150e95c91fb316baa32702
d177856e-6e46-44ee-8eb5-83ef1c7452c7,cc193a83e56f0a3fc5b3111365d2d78b
d177856e-6e46-44ee-8eb5-83ef1c7452c7,b2760f6dbff7fab927c881b0a247ae19
d177856e-6e46-44ee-8eb5-83ef1c7452c7,833a68e2623dc4ffec17117e7be59cdd
d177856e-6e46-44ee-8eb5-83ef1c7452c7,9bea4ca130df2e2e7308491d3c8206d2
d177856e-6e46-44ee-8eb5-83ef1c7452c7,d7b42a4ef169991f025e48eff10aae27
d177856e-6e46-44ee-8eb5-83ef1c7452c7,f8d6c8a483c5353cc12086c8b082c8df
d177856e-6e46-44ee-8eb5-83ef1c7452c7,1a8f525ecb81bd4ca1d2344223a8257a
d177856e-6e46-44ee-8eb5-83ef1c7452c7,209dd854c4d44307d9d34c210b204ad4
d177856e-6e46-44ee-8eb5-83ef1c7452c7,fd13e4f3ce010be3dbcf212634f29fdd
d177856e-6e46-44ee-8eb5-83ef1c7452c7,fefca35b64f94ed5feee17118c4eb83e
d177856e-6e46-44ee-8eb5-83ef1c7452c7,f67df805ad633553582ee71004b3c1f5
d177856e-6e46-44ee-8eb5-83ef1c7452c7,f744ddc548f783642c9fae0526013113
d177856e-6e46-44ee-8eb5-83ef1c7452c7,a278ddcdc27ef184b2b7dcb84b688eda
d177856e-6e46-44ee-8eb5-83ef1c7452c7,db63a71bfa44cf9f5c6d1702bbd9885c
d177856e-6e46-44ee-8eb5-83ef1c7452c7,ea429325acbe2eea763a2f283e80daa2
d177856e-6e46-44ee-8eb5-83ef1c7452c7,426b8c6d6eb0ff1d495146af96a226d6
d177856e-6e46-44ee-8eb5-83ef1c7452c7,eabb2d83b649b878ac9f1ed58118159c
d177856e-6e46-44ee-8eb5-83ef1c7452c7,70c58c281134f2e75d8733c5208b3c53
d177856e-6e46-44ee-8eb5-83ef1c7452c7,920491a9e774efd3d09076a21412d9c6
d177856e-6e46-44ee-8eb5-83ef1c7452c7,00ee0ec3d8f25f9b71986249fd450695
d177856e-6e46-44ee-8eb5-83ef1c7452c7,fecf4791b0d8af399ddd6ce13c05586b
d177856e-6e46-44ee-8eb5-83ef1c7452c7,ae3d015595175dca1694a1cedb07c41f
d177856e-6e46-44ee-8eb5-83ef1c7452c7,c2bb9714a06c663314c9e6cdd6ded635
d177856e-6e46-44ee-8eb5-83ef1c7452c7,3abc56fa35cc5cafdf0eea2b53ddbbb1
d177856e-6e46-44ee-8eb5-83ef1c7452c7,7c0e21aa08cf87377e006d62bdbb1459
d177856e-6e46-44ee-8eb5-83ef1c7452c7,fb3d66cecd1d3689668ffbc96a03287e
d177856e-6e46-44ee-8eb5-83ef1c7452c7,8194e2199acf5c1ff7ffa6a29969c2aa
d177856e-6e46-44ee-8eb5-83ef1c7452c7,b97650547f2ab4e4c7eb8bb9bebc3709
d177856e-6e46-44ee-8eb5-83ef1c7452c7,fd9679507486cfffec840a08c22b341c
d177856e-6e46-44ee-8eb5-83ef1c7452c7,4c53a2c58cfe2ef14df7cd1f3814488a
d177856e-6e46-44ee-8eb5-83ef1c7452c7,781095a047a3b06ec5e69e4b5cc4ee83
d177856e-6e46-44ee-8eb5-83ef1c7452c7,1761701a3fe98cef6c0597f44763f373
d177856e-6e46-44ee-8eb5-83ef1c7452c7,80c8c795c5642720afae40f7f0262950
d177856e-6e46-44ee-8eb5-83ef1c7452c7,e82e2c187ac6a24c827e2e7fa1fe9423
d177856e-6e46-44ee-8eb5-83ef1c7452c7,835d576d1f01f8da4bde2505159b89b7
d177856e-6e46-44ee-8eb5-83ef1c7452c7,c9c1311a48a209103c66b4b1963901a6
d177856e-6e46-44ee-8eb5-83ef1c7452c7,0e4b0b8c90dd6437ab0dc45bc7eddb84
d177856e-6e46-44ee-8eb5-83ef1c7452c7,c38effb64906155fc8a194dd3ab090ad
d177856e-6e46-44ee-8eb5-83ef1c7452c7,4255c0f4931c62936ef448954011fd02
d177856e-6e46-44ee-8eb5-83ef1c7452c7,879b4899c4a51fe236b496197aa62f99
d177856e-6e46-44ee-8eb5-83ef1c7452c7,801552021f0ef18e626dac1ad7debceb
d177856e-6e46-44ee-8eb5-83ef1c7452c7,99d5bb97f2d46a6db49167348ff3940a
d177856e-6e46-44ee-8eb5-83ef1c7452c7,954fe55a532dac7d9373dd94bf6894a0
d177856e-6e46-44ee-8eb5-83ef1c7452c7,bd215b4fa69886f728ba818ddd65b58c
d177856e-6e46-44ee-8eb5-83ef1c7452c7,2239046bb56b789bef97c45555331f26
d177856e-6e46-44ee-8eb5-83ef1c7452c7,c9d50a1eb4ac3a44317513aa680b8385
d177856e-6e46-44ee-8eb5-83ef1c7452c7,fbe194b2d192e01d61114ebae54ce84c
d177856e-6e46-44ee-8eb5-83ef1c7452c7,cd78d6d207d8c5a3df08fd34dee56ffc
d177856e-6e46-44ee-8eb5-83ef1c7452c7,bf1062d3c672656526d3c7ccb66980f9
d177856e-6e46-44ee-8eb5-83ef1c7452c7,62d6aa3027fa8e9de03a1d8b0088e82e
d177856e-6e46-44ee-8eb5-83ef1c7452c7,63971697812cd2fe0f84aea0a1cf2374
d177856e-6e46-44ee-8eb5-83ef1c7452c7,65bc9215fb4e7f506ff3bd049983a1e5
d177856e-6e46-44ee-8eb5-83ef1c7452c7,87de31f8f23a26bfb54f6427bb712c3b
d177856e-6e46-44ee-8eb5-83ef1c7452c7,65c3f3e48bc284dcedb96d8f914b5e1b
d177856e-6e46-44ee-8eb5-83ef1c7452c7,b8042db7fbb19d0f31d203c6fa668ec6
d177856e-6e46-44ee-8eb5-83ef1c7452c7,2a83bca937071fa614ea0dd6aeed3371
d177856e-6e46-44ee-8eb5-83ef1c7452c7,7a1ba697d59c71050fef0e6ede9966a1
d177856e-6e46-44ee-8eb5-83ef1c7452c7,ba1fe5c7afe71ace43b77097386a78ba
d177856e-6e46-44ee-8eb5-83ef1c7452c7,e564095bf522c02abff7a10b7a434dc4
d177856e-6e46-44ee-8eb5-83ef1c7452c7,4f24cffd0c2b898766b1c17c975e8a11
d177856e-6e46-44ee-8eb5-83ef1c7452c7,1d110f4964ff44425274675d4501a869
d177856e-6e46-44ee-8eb5-83ef1c7452c7,45483baded9e7309d12377fbd5344f3c
d177856e-6e46-44ee-8eb5-83ef1c7452c7,54e4f12e03f3fed2cc168f7886c3a853
d177856e-6e46-44ee-8eb5-83ef1c7452c7,2bf5ea2d9b6010a5e237b4e721be59da
d177856e-6e46-44ee-8eb5-83ef1c7452c7,b2fe785282e7416dce3e15583f8e8c55
d177856e-6e46-44ee-8eb5-83ef1c7452c7,03b66f52edd010dbd30e039ff35be861
d177856e-6e46-44ee-8eb5-83ef1c7452c7,ffa73d3520cf48dbad2c2b6db5bea919
d177856e-6e46-44ee-8eb5-83ef1c7452c7,3c1a9e1a325c5a5dc0709259f852f2b7
d177856e-6e46-44ee-8eb5-83ef1c7452c7,fa845a04ac5a790f8d34d8968897b77f
d177856e-6e46-44ee-8eb5-83ef1c7452c7,f59c26213fd7a6ca8c7f955b9139e20e
d177856e-6e46-44ee-8eb5-83ef1c7452c7,fa7d7bea14a8ee5f901fe5d8cc1406e3
d177856e-6e46-44ee-8eb5-83ef1c7452c7,6a3779910268b7d0d03ed3b4680dc04e
d177856e-6e46-44ee-8eb5-83ef1c7452c7,f683a549a8889a89a24a7e7631821a50
d177856e-6e46-44ee-8eb5-83ef1c7452c7,8f34c736f41b629f8e7c71cf91083a02
d177856e-6e46-44ee-8eb5-83ef1c7452c7,5028ec0bf263e331be0b4af14a206812
d177856e-6e46-44ee-8eb5-83ef1c7452c7,d1e00d976802a03ec8a1652a7423ae39
d177856e-6e46-44ee-8eb5-83ef1c7452c7,ea14e19d42067642f6955f8e1383c8cc
d177856e-6e46-44ee-8eb5-83ef1c7452c7,3f10fce911e900e2f3e10fda230eb53d
d177856e-6e46-44ee-8eb5-83ef1c7452c7,47d52d6d7ed19500b6373ec99b79030e
d177856e-6e46-44ee-8eb5-83ef1c7452c7,38304cda527e45ec13e77ebc2d428126
d177856e-6e46-44ee-8eb5-83ef1c7452c7,fc5deb87ce0e91756f436452fd76363a
d177856e-6e46-44ee-8eb5-83ef1c7452c7,e0c755d7b9f6cec449e411de01bae6fd
d177856e-6e46-44ee-8eb5-83ef1c7452c7,13ad31037fad25926964ad3ad6ab9bb5
d177856e-6e46-44ee-8eb5-83ef1c7452c7,2964a476c3dbf7e5d4ef1afc3a74101a
d177856e-6e46-44ee-8eb5-83ef1c7452c7,b6aa0d809cd91db86e66795c8879a8ac
d177856e-6e46-44ee-8eb5-83ef1c7452c7,c8155ee18dadafe4e5515cf96df749d4
d177856e-6e46-44ee-8eb5-83ef1c7452c7,67b37051efa03a3d794fbb024b84ba3e
d177856e-6e46-44ee-8eb5-83ef1c7452c7,19aeb97546839e0533dec02b4c4e8c18
d177856e-6e46-44ee-8eb5-83ef1c7452c7,34f448acb3dce7cf0e8fc6cf3fbeb4a9
d177856e-6e46-44ee-8eb5-83ef1c7452c7,40b9f807d030c5418d3d1f7c59ef71db
d177856e-6e46-44ee-8eb5-83ef1c7452c7,c789b094cff246aefb52ca86e46ed674
d177856e-6e46-44ee-8eb5-83ef1c7452c7,43150104af609922e0de2074ecec9e88
d177856e-6e46-44ee-8eb5-83ef1c7452c7,6fe099fb39facf70dcc65066e63da939
d177856e-6e46-44ee-8eb5-83ef1c7452c7,8de3b4b57b159d3966b97fba720ce255
d177856e-6e46-44ee-8eb5-83ef1c7452c7,e51eb0920b8c3e56359d83a8c35af296
d177856e-6e46-44ee-8eb5-83ef1c7452c7,10145a366049a30d1514842065ef4f60
d177856e-6e46-44ee-8eb5-83ef1c7452c7,06de47633216c32f1bfe0f469804cc1b
d177856e-6e46-44ee-8eb5-83ef1c7452c7,4b49c86f05b9b63af683420789190454
d177856e-6e46-44ee-8eb5-83ef1c7452c7,f55e4212a3faee2bc3143ded6c41c9d6
d177856e-6e46-44ee-8eb5-83ef1c7452c7,3ed35d1b96f146b48e4f527d8629d9c7
d177856e-6e46-44ee-8eb5-83ef1c7452c7,e5078fcc3d3f26498b8f5c38afd59c90
d177856e-6e46-44ee-8eb5-83ef1c7452c7,a3b1c8448b2969d8303c4fb66f64add4
d177856e-6e46-44ee-8eb5-83ef1c7452c7,9372a74a1126f54a7ca4afe18f094d15
d177856e-6e46-44ee-8eb5-83ef1c7452c7,ef35f791faab31abee10b32d0416b902
d177856e-6e46-44ee-8eb5-83ef1c7452c7,9e9b5717198b1a8254f4dd3aaccc5e90
d177856e-6e46-44ee-8eb5-83ef1c7452c7,b88e89696df6baa284fd4abfe39cc4b5
d177856e-6e46-44ee-8eb5-83ef1c7452c7,a709940dc68beae652d93be9903575c4
d177856e-6e46-44ee-8eb5-83ef1c7452c7,149ee65fcf339ed9631026edf5a4ffa2
d177856e-6e46-44ee-8eb5-83ef1c7452c7,bfb74e3b09921369bc549878cc9d35ad
d177856e-6e46-44ee-8eb5-83ef1c7452c7,14c45b4adc90aae7c9defdf5a8650161
d177856e-6e46-44ee-8eb5-83ef1c7452c7,1e007cf8e94aa873f9cea4ce0ec47ece
d177856e-6e46-44ee-8eb5-83ef1c7452c7,5eb2628720f3621cd72a856d92aabf4b
d177856e-6e46-44ee-8eb5-83ef1c7452c7,9b13dde0db1b91bea1c7c488d7ec8f0a
d177856e-6e46-44ee-8eb5-83ef1c7452c7,e9763db5c20d9a46cd700a1092a5574b
d177856e-6e46-44ee-8eb5-83ef1c7452c7,1444c11f11f6218e0862a012d2026c2f
d177856e-6e46-44ee-8eb5-83ef1c7452c7,05b1971ddb48f7272f72e1d07d37fca9
d177856e-6e46-44ee-8eb5-83ef1c7452c7,e58abd019979f86e3009f8135d5e4e9e
d177856e-6e46-44ee-8eb5-83ef1c7452c7,ad5e1df474cb48797ea323121327910f
d177856e-6e46-44ee-8eb5-83ef1c7452c7,43d7bedc51d9c35a66b67bc49028f618
d177856e-6e46-44ee-8eb5-83ef1c7452c7,b099df64721766aefbf4fc30eb234e12
d177856e-6e46-44ee-8eb5-83ef1c7452c7,78d772361e2fd74c0c574be656da0dd1
d177856e-6e46-44ee-8eb5-83ef1c7452c7,36f34200a301438eae661f66fd30da10
d177856e-6e46-44ee-8eb5-83ef1c7452c7,d5b7bf62629cb5ae98b7b1e2641f844e
d177856e-6e46-44ee-8eb5-83ef1c7452c7,8d5fa9f921f2975726d3fd3fad40a125
d177856e-6e46-44ee-8eb5-83ef1c7452c7,90ee377c870382c03981d7e31a485162
d177856e-6e46-44ee-8eb5-83ef1c7452c7,bc5df62906e12fd338f3632036fc0610
d177856e-6e46-44ee-8eb5-83ef1c7452c7,5109e7586c7d652389a2b0f82c36913a
d177856e-6e46-44ee-8eb5-83ef1c7452c7,37299b04e6e0ef9b9eb116270031a9a7
d177856e-6e46-44ee-8eb5-83ef1c7452c7,f09d93c93e693c3bce6d2f1dcf531c11
d177856e-6e46-44ee-8eb5-83ef1c7452c7,256e6e1f5221c566abec419dd62b01ac
d177856e-6e46-44ee-8eb5-83ef1c7452c7,553220d4d469e06afb5652bf432f4be0
d177856e-6e46-44ee-8eb5-83ef1c7452c7,2ec90a4a1b498f86f90b620aa1be7e33
d177856e-6e46-44ee-8eb5-83ef1c7452c7,c00b4dd11ee1cd7ba1840835ad192046
d177856e-6e46-44ee-8eb5-83ef1c7452c7,e7e88e05c5ab050f62de968002dc8b6c
d177856e-6e46-44ee-8eb5-83ef1c7452c7,8ec7f1272032cb56a995b817f1cc4d9d
d177856e-6e46-44ee-8eb5-83ef1c7452c7,4dab2a25c802fe98cd39376412fbb6fa
d177856e-6e46-44ee-8eb5-83ef1c7452c7,a769126e9a5816d49a31bf954ad7b5d2
d177856e-6e46-44ee-8eb5-83ef1c7452c7,b656233425ae564f2345a17aadd5dfc8
d177856e-6e46-44ee-8eb5-83ef1c7452c7,0ff14c17b0da5077a76a043a9d8ba6fc
d177856e-6e46-44ee-8eb5-83ef1c7452c7,d4ef06b302997f8fb64466074b667f60
d177856e-6e46-44ee-8eb5-83ef1c7452c7,2d22a1ebad987ce4d2b06649ea530587
d177856e-6e46-44ee-8eb5-83ef1c7452c7,a80a4fe775873bf0a88cf383280483fa
d177856e-6e46-44ee-8eb5-83ef1c7452c7,6fd3510f197642306ff53911dff1dd85
d177856e-6e46-44ee-8eb5-83ef1c7452c7,72c54a7cb4e00d9937921748184f0b8f
d177856e-6e46-44ee-8eb5-83ef1c7452c7,50e8f7767b13b7fd87aa05d56ff341ab
d177856e-6e46-44ee-8eb5-83ef1c7452c7,7102a516827a2ac54739e483d95afe7d
d177856e-6e46-44ee-8eb5-83ef1c7452c7,d619b6d9477bed3c51ff282a3b660105
d177856e-6e46-44ee-8eb5-83ef1c7452c7,a1c99ab6bd268b95f37f315b07003c3c
d177856e-6e46-44ee-8eb5-83ef1c7452c7,de1f38e2b3aeb585eba6761a21991c45
d177856e-6e46-44ee-8eb5-83ef1c7452c7,22c85ee102eb5af41bb7f527d3b9d15a
d177856e-6e46-44ee-8eb5-83ef1c7452c7,edcc9e136a90d2b811e06658fa7a029a
d177856e-6e46-44ee-8eb5-83ef1c7452c7,bdfe224d799279acc5f40459d8e92815
d177856e-6e46-44ee-8eb5-83ef1c7452c7,dfe1fee11aabe5b326d17ae781aaeaea
d177856e-6e46-44ee-8eb5-83ef1c7452c7,0440cc9d7de4c6f6288fa2df5e86539c
d177856e-6e46-44ee-8eb5-83ef1c7452c7,6eab6e254b64beded53123addf68c4b8
d177856e-6e46-44ee-8eb5-83ef1c7452c7,64d45b99aa5c46606202289882049d13
d177856e-6e46-44ee-8eb5-83ef1c7452c7,22aa909a4d74f531449fa54fd6d962e5
d177856e-6e46-44ee-8eb5-83ef1c7452c7,958d2c662de7930a313ca0869b32018d
d177856e-6e46-44ee-8eb5-83ef1c7452c7,54a08cc49865f7e8fe13fa2445c1772e
d177856e-6e46-44ee-8eb5-83ef1c7452c7,2d6f844a46070189bc0229a919488e11
d177856e-6e46-44ee-8eb5-83ef1c7452c7,527afb9cde5ce7e2dd65447fa3f54c84
d177856e-6e46-44ee-8eb5-83ef1c7452c7,0a3c998fa94f5205e37f88cbf832ee06
d177856e-6e46-44ee-8eb5-83ef1c7452c7,71256e1fa4ccc6d9da664d5968263e1b
d177856e-6e46-44ee-8eb5-83ef1c7452c7,074d3be269b947188716af52c9eedb38
d177856e-6e46-44ee-8eb5-83ef1c7452c7,1ce745fd9c5891c6d7be1bc0c09ff105
d177856e-6e46-44ee-8eb5-83ef1c7452c7,cc5a8956f4944a3d955f683f41ff1b4c
d177856e-6e46-44ee-8eb5-83ef1c7452c7,8bc60a8ed076e4b4e3cc5939bf6db37f
d177856e-6e46-44ee-8eb5-83ef1c7452c7,c65553febf5f40b1fdf5ba85f2c1e51f
d177856e-6e46-44ee-8eb5-83ef1c7452c7,2331d8c4fedd940fe069040f368564db
d177856e-6e46-44ee-8eb5-83ef1c7452c7,71b35d18eeb65eb6e2e231ef2405033e
d177856e-6e46-44ee-8eb5-83ef1c7452c7,61dd0bc0091299e6254573b891610ac1
d177856e-6e46-44ee-8eb5-83ef1c7452c7,9c5d5b7456e61f18b83eef99b62e12f7
d177856e-6e46-44ee-8eb5-83ef1c7452c7,8865c0d002bd1be340bdaa9a977707be
d177856e-6e46-44ee-8eb5-83ef1c7452c7,1ee50ccb6033ffccdc9f36d7934eabd5
d177856e-6e46-44ee-8eb5-83ef1c7452c7,c435ada9c1395ce15098ade16c8c7f93
d177856e-6e46-44ee-8eb5-83ef1c7452c7,ea396a3a156c614d37dc2c51e99458f6
d177856e-6e46-44ee-8eb5-83ef1c7452c7,721f1338b6e2f8225c93523d529b3881
d177856e-6e46-44ee-8eb5-83ef1c7452c7,2f6a43bad0edd12cde4fc034f23b3afd
d177856e-6e46-44ee-8eb5-83ef1c7452c7,084ae868e4f33d1810aa0160fd3984d6
d177856e-6e46-44ee-8eb5-83ef1c7452c7,90a316ae9e3fc0ab71359ac04d3cc361
d177856e-6e46-44ee-8eb5-83ef1c7452c7,652dae188bd10c7c95252d35776d7d47
d177856e-6e46-44ee-8eb5-83ef1c7452c7,6f4d7a970cee342e6d56bcd58c6a1b44
d177856e-6e46-44ee-8eb5-83ef1c7452c7,c41cd02df92cba52b763d80d4edd32f9
d177856e-6e46-44ee-8eb5-83ef1c7452c7,1af30a8e44715886f5b0309248580a23
d177856e-6e46-44ee-8eb5-83ef1c7452c7,6850a2ee604b2b806925679d86d11b2a
d177856e-6e46-44ee-8eb5-83ef1c7452c7,25b72a245960a1db1bbf508b485bd422
d177856e-6e46-44ee-8eb5-83ef1c7452c7,e49730d082ed65240699a1768d82790b
d177856e-6e46-44ee-8eb5-83ef1c7452c7,1cd241642b51bff050faa3f271e00b24
d177856e-6e46-44ee-8eb5-83ef1c7452c7,b348db2db881e28ecc5ceff8bf07ace3
d177856e-6e46-44ee-8eb5-83ef1c7452c7,9054de4c0d0b6b89cc5441ce906ea90c
d177856e-6e46-44ee-8eb5-83ef1c7452c7,a4ac0b75f6573ee8965c397414c771ae
d177856e-6e46-44ee-8eb5-83ef1c7452c7,05e6507d87b6a5ce12cc590e26a4f02e
d177856e-6e46-44ee-8eb5-83ef1c7452c7,0e32603f67f1c18634e4e40a27705f61
d177856e-6e46-44ee-8eb5-83ef1c7452c7,9d824dcb40d56d290ac1058614064cbc
d177856e-6e46-44ee-8eb5-83ef1c7452c7,b8a5f99b4cc94af438fef22a52bca1b2
d177856e-6e46-44ee-8eb5-83ef1c7452c7,73f0515174749340b27f7d2a7b800ee8
d177856e-6e46-44ee-8eb5-83ef1c7452c7,a821a72775075f77b7270b8b54aa68fd
d177856e-6e46-44ee-8eb5-83ef1c7452c7,188a27e936c7452e02a8d46b47405926
d177856e-6e46-44ee-8eb5-83ef1c7452c7,92dfc95921b06ec3e75e075539954e59
d177856e-6e46-44ee-8eb5-83ef1c7452c7,a7f14e685e5c739e492d89de9c6d946e
d177856e-6e46-44ee-8eb5-83ef1c7452c7,aafc72b43b597eef178ff57e15903aa9
d177856e-6e46-44ee-8eb5-83ef1c7452c7,2dec9de630b77be1459d018e5938eace
d177856e-6e46-44ee-8eb5-83ef1c7452c7,562053d1150045504dba5ad55afc6e49
d177856e-6e46-44ee-8eb5-83ef1c7452c7,468dc83cedf2a4f84472f5cf78ff21d7
d177856e-6e46-44ee-8eb5-83ef1c7452c7,39fbf8faf5d9345043590a29803abdca
d177856e-6e46-44ee-8eb5-83ef1c7452c7,13523f1b458da8a1e50991148395cc75
d177856e-6e46-44ee-8eb5-83ef1c7452c7,ebe8ca88dd3cbe32cdbe326319b7de55
d177856e-6e46-44ee-8eb5-83ef1c7452c7,9262dce3db1255559d357efc7a795e93
d177856e-6e46-44ee-8eb5-83ef1c7452c7,e2a70307293c3a709f613b9fa7df826a
d177856e-6e46-44ee-8eb5-83ef1c7452c7,a6c2636ef51ce83ae72af968d1d2dafd
d177856e-6e46-44ee-8eb5-83ef1c7452c7,4fc845f9a82f8b380f24d64fac0b8588
d177856e-6e46-44ee-8eb5-83ef1c7452c7,044757f276b466c4433c6f2273b44e92
d177856e-6e46-44ee-8eb5-83ef1c7452c7,302ba815bce7e95a236558a0a46095f3
d177856e-6e46-44ee-8eb5-83ef1c7452c7,a04d73287e077742911b9f8e0f4ce037
d177856e-6e46-44ee-8eb5-83ef1c7452c7,7522ad0a49f608d8bb93312604483b39
d177856e-6e46-44ee-8eb5-83ef1c7452c7,18bb6785722441c3293ba73c1093c3fa
d177856e-6e46-44ee-8eb5-83ef1c7452c7,f4f380bd8c8059af0160e759b2ef3366
d177856e-6e46-44ee-8eb5-83ef1c7452c7,67061a591c3057a89237664959367afb
d177856e-6e46-44ee-8eb5-83ef1c7452c7,26b6405c6c45fbf5cf13826cf9a6ba9f
d177856e-6e46-44ee-8eb5-83ef1c7452c7,e6c5af8e9cb41ed90b5061dbf59bc22f
d177856e-6e46-44ee-8eb5-83ef1c7452c7,9c03d72e03df9e08a8043882af200838
d177856e-6e46-44ee-8eb5-83ef1c7452c7,a144bb76685de7e17c125d63593b3284
d177856e-6e46-44ee-8eb5-83ef1c7452c7,30526a0bdbb777daacde9ad7c93c2d07
d177856e-6e46-44ee-8eb5-83ef1c7452c7,88a521d2823ca02d1a995b45b671095e
d177856e-6e46-44ee-8eb5-83ef1c7452c7,2083065f1650d810b179f2482d042ac7
d177856e-6e46-44ee-8eb5-83ef1c7452c7,1e4d88dbc847b406e0c755bee456937d
d177856e-6e46-44ee-8eb5-83ef1c7452c7,889a0746080a93e5b9827a437b7457c5
d177856e-6e46-44ee-8eb5-83ef1c7452c7,2194fd52f0bc4e58edc7196da40dc894
d177856e-6e46-44ee-8eb5-83ef1c7452c7,e0ed5f85c819714cb3b97e6fd516fa1b
d177856e-6e46-44ee-8eb5-83ef1c7452c7,1378a5cbec0dff09bb344b8c2735405b
d177856e-6e46-44ee-8eb5-83ef1c7452c7,d77e465d0920dcccb0daaf4d2afe9678
d177856e-6e46-44ee-8eb5-83ef1c7452c7,8bb1ca94dd586e28760e39ef79d5dc22
d177856e-6e46-44ee-8eb5-83ef1c7452c7,ae51b02f6e800bcb9aeadd8e8bb3ab30
d177856e-6e46-44ee-8eb5-83ef1c7452c7,fa575a6ab5a5ce3a82ed6ba6396bb504
d177856e-6e46-44ee-8eb5-83ef1c7452c7,f9cd81c557efeb3136bc714614ab4762
d177856e-6e46-44ee-8eb5-83ef1c7452c7,67867c52f910d0be2258cf3c4aefe5fd
d177856e-6e46-44ee-8eb5-83ef1c7452c7,80626a6100c39a3b66045273524ae93f
d177856e-6e46-44ee-8eb5-83ef1c7452c7,cb0b53362e77f51c3229da9013290983
d177856e-6e46-44ee-8eb5-83ef1c7452c7,68140fc3e5fa17a8e91982ae56ce6393
d177856e-6e46-44ee-8eb5-83ef1c7452c7,e154db5a0a3b654ec62c9393d003c757
d177856e-6e46-44ee-8eb5-83ef1c7452c7,dc9b5dc6a09faac61fd3972f4b5c4b82
d177856e-6e46-44ee-8eb5-83ef1c7452c7,fe3f088344aca7ef0edf61d204ece475
d177856e-6e46-44ee-8eb5-83ef1c7452c7,f42bed5d003eabf7934e0429f898c452
d177856e-6e46-44ee-8eb5-83ef1c7452c7,cbe284ae5257a7e5402499b57ca75fae
d177856e-6e46-44ee-8eb5-83ef1c7452c7,3ffbb441434cff00c7c20ae6c7d71715
d177856e-6e46-44ee-8eb5-83ef1c7452c7,ddb49fe7735271db7b5c2c6f5e2311c1
d177856e-6e46-44ee-8eb5-83ef1c7452c7,765c92b56e945adc6805ac03308be37b
d177856e-6e46-44ee-8eb5-83ef1c7452c7,043ba14c1d35db6fc2e8558fa01cf27d
d177856e-6e46-44ee-8eb5-83ef1c7452c7,a0d19284cc9b6412390a0ab446f2ddab
d177856e-6e46-44ee-8eb5-83ef1c7452c7,3bc4b9a411d8a230e82583492dc4de2f
d177856e-6e46-44ee-8eb5-83ef1c7452c7,72a3a543fc06c13ddb62e87141b5fa4f
d177856e-6e46-44ee-8eb5-83ef1c7452c7,b50aafb43f1026166364a38229944a8c
d177856e-6e46-44ee-8eb5-83ef1c7452c7,9cb4cdf62bbdc109e0c7f3660f2a0367
d177856e-6e46-44ee-8eb5-83ef1c7452c7,9d7c275e92de2604ed68ff501f70e416
d177856e-6e46-44ee-8eb5-83ef1c7452c7,8f95d1db6d1182a915891146140a2347
d177856e-6e46-44ee-8eb5-83ef1c7452c7,d2cbdb916ade16a58b3251e909572db6
d177856e-6e46-44ee-8eb5-83ef1c7452c7,900b8b3c040ac110e2947a26b826a6e0
d177856e-6e46-44ee-8eb5-83ef1c7452c7,ad23f21f3afe1946b7c5e99e8b1a4593
d177856e-6e46-44ee-8eb5-83ef1c7452c7,ea403d033f3a7aad17010cdcc41fa532
d177856e-6e46-44ee-8eb5-83ef1c7452c7,7c52e2fbdb08004c6526da8df2ff7601
d177856e-6e46-44ee-8eb5-83ef1c7452c7,13dfe5189297ca23c544a0127ac3c01f
d177856e-6e46-44ee-8eb5-83ef1c7452c7,19f9a3272533ee3af7ea37bb184c77e2
d177856e-6e46-44ee-8eb5-83ef1c7452c7,b6460501ec8a32f8822ba826b7145344
d177856e-6e46-44ee-8eb5-83ef1c7452c7,0917325f5c5612bb3fc7957e8dba73e0
d177856e-6e46-44ee-8eb5-83ef1c7452c7,e7afac3416e506a799721bc65e57ae4c
d177856e-6e46-44ee-8eb5-83ef1c7452c7,ccafeb6f958378c6fa58278f7609dbde
d177856e-6e46-44ee-8eb5-83ef1c7452c7,bb15e9b62e2d1928147949dcce3b40d5
d177856e-6e46-44ee-8eb5-83ef1c7452c7,1db19bb6a3571e7aed87461f7b2b697f
d177856e-6e46-44ee-8eb5-83ef1c7452c7,28dfc837738e526c0765569e54d45428
d177856e-6e46-44ee-8eb5-83ef1c7452c7,750f9f4fb71a158354d540b305553ed7
d177856e-6e46-44ee-8eb5-83ef1c7452c7,bb1e852a3a1a6815716bac5671573ac8
d177856e-6e46-44ee-8eb5-83ef1c7452c7,71babf322bcc895a95a82f9cffea86ec
d177856e-6e46-44ee-8eb5-83ef1c7452c7,3383efe9d456f53b008dcae3839e83cd
d177856e-6e46-44ee-8eb5-83ef1c7452c7,c74f9a9500eb07514bdbf192fce367cf
d177856e-6e46-44ee-8eb5-83ef1c7452c7,475e66412134b916881b5b9ad81762b3
d177856e-6e46-44ee-8eb5-83ef1c7452c7,9d4e3c22c23ef2e66800b7d15c311e44
d177856e-6e46-44ee-8eb5-83ef1c7452c7,a47d820390c9e88859f969ba445865fb
d177856e-6e46-44ee-8eb5-83ef1c7452c7,d50c8f2c9233d76ea01582ab04d0ea80
d177856e-6e46-44ee-8eb5-83ef1c7452c7,db10437c82f9d54642b4a32fddcd4f19
d177856e-6e46-44ee-8eb5-83ef1c7452c7,b6de49683147b7298b90f35bffb7bfe6
d177856e-6e46-44ee-8eb5-83ef1c7452c7,3faee0b8b47559a31d467f9c533f90b5
d177856e-6e46-44ee-8eb5-83ef1c7452c7,b39af4670fab43a3dc918570aaca5fb2
d177856e-6e46-44ee-8eb5-83ef1c7452c7,563be458be06524e179eecd043171fb8
d177856e-6e46-44ee-8eb5-83ef1c7452c7,920e078d56d22ad1b5f7c8d6ef46f3f7
d177856e-6e46-44ee-8eb5-83ef1c7452c7,3a659da5ae80550b2d1525324a999184
d177856e-6e46-44ee-8eb5-83ef1c7452c7,587e8b09d241274fd8497d4ea231820c
d177856e-6e46-44ee-8eb5-83ef1c7452c7,7b00fc92cb4b7b947e358c25a3ce29e9
d177856e-6e46-44ee-8eb5-83ef1c7452c7,71a45d92177ae07a1c97ef190c697852
d177856e-6e46-44ee-8eb5-83ef1c7452c7,c93e4214e107f943b5e4670a5a2da551
d177856e-6e46-44ee-8eb5-83ef1c7452c7,e2dc59b218c74012986ff4f6ef2b64b4
d177856e-6e46-44ee-8eb5-83ef1c7452c7,9ce6702a1ff83daf30e02f027133c221
d177856e-6e46-44ee-8eb5-83ef1c7452c7,4a2c9899f136a82d75e09dde6fd26609
d177856e-6e46-44ee-8eb5-83ef1c7452c7,08471c41eb053e834575220570c94ac3
d177856e-6e46-44ee-8eb5-83ef1c7452c7,049b7f08a1521d54a61a5729c01acee9
d177856e-6e46-44ee-8eb5-83ef1c7452c7,781ff4bfcfbed546414a5d60d1e0e9a8
d177856e-6e46-44ee-8eb5-83ef1c7452c7,43965dfc1d9898af77fcfebbc598524a
d177856e-6e46-44ee-8eb5-83ef1c7452c7,3d88ed7dd58e5b53925ee70c6403e829
d177856e-6e46-44ee-8eb5-83ef1c7452c7,25c0d9dbf76f5d2ca6341c805ea73bcf
d177856e-6e46-44ee-8eb5-83ef1c7452c7,c1fc439c49ba80d36821f08750bac4db
d177856e-6e46-44ee-8eb5-83ef1c7452c7,4b5ddfa5b1e6ecfcaed84613c0426c3a
d177856e-6e46-44ee-8eb5-83ef1c7452c7,23345892624cccc3db86b0743dd1da7b
d177856e-6e46-44ee-8eb5-83ef1c7452c7,9a32ab5dec89cd93e822ec339f340875
d177856e-6e46-44ee-8eb5-83ef1c7452c7,14f8f0360cf6b1cf271cfbdff7b5ee0e
d177856e-6e46-44ee-8eb5-83ef1c7452c7,43a794762f7abe0310bbaf6aebb777fe
d177856e-6e46-44ee-8eb5-83ef1c7452c7,a80d23313874fcd77b413ad0634fd700
d177856e-6e46-44ee-8eb5-83ef1c7452c7,fbbdfbd07180e1caa26db33e0a83745a
d177856e-6e46-44ee-8eb5-83ef1c7452c7,e28f7dbe34dd37d36853e21d4c575b2f
d177856e-6e46-44ee-8eb5-83ef1c7452c7,f1e998a9a8ad23385037413ed19dc94a
d177856e-6e46-44ee-8eb5-83ef1c7452c7,ef7b312a3d36e20f5039f2f72be668aa
d177856e-6e46-44ee-8eb5-83ef1c7452c7,5a3e730b4717652d4e50958d32abe633
d177856e-6e46-44ee-8eb5-83ef1c7452c7,046b31c3492ca60663b3de72f49e8b27
d177856e-6e46-44ee-8eb5-83ef1c7452c7,4cae474bfa4601adff5dc4ab37c72563
d177856e-6e46-44ee-8eb5-83ef1c7452c7,e616139fc5c460c07800a303a76cfe33
d177856e-6e46-44ee-8eb5-83ef1c7452c7,fde6f6783a1cf33c124be3ccf71dedb7
d177856e-6e46-44ee-8eb5-83ef1c7452c7,2080c5182b7c6adfd0fe8164025294df
d177856e-6e46-44ee-8eb5-83ef1c7452c7,1ae6ce1030010af50e88ca166bd77deb
d177856e-6e46-44ee-8eb5-83ef1c7452c7,2ba1b0709d1ecd2cac250afdf1b0f8fb
d177856e-6e46-44ee-8eb5-83ef1c7452c7,dca8961890786894a02b6ea84632d058
d177856e-6e46-44ee-8eb5-83ef1c7452c7,5a227400a318d909794c60ebe04bc0d7
d177856e-6e46-44ee-8eb5-83ef1c7452c7,32dda8736a0dc88fa1f1dd09c6f5bd28
d177856e-6e46-44ee-8eb5-83ef1c7452c7,f4c7cab003709b769044167b0f27fe5f
d177856e-6e46-44ee-8eb5-83ef1c7452c7,3b7e08d5483a1a0e596befe7692a8cee
d177856e-6e46-44ee-8eb5-83ef1c7452c7,ba69d7f2e2295253b7fd1e50275c0631
d177856e-6e46-44ee-8eb5-83ef1c7452c7,673d23acea691b647006d305e4e760e7
d177856e-6e46-44ee-8eb5-83ef1c7452c7,beb787843488f0743955541e982bfd2c
d177856e-6e46-44ee-8eb5-83ef1c7452c7,38c9c365132590834372402d3902bc73
d177856e-6e46-44ee-8eb5-83ef1c7452c7,4167c297f87c3035dc93a73bd395f321
d177856e-6e46-44ee-8eb5-83ef1c7452c7,01210887a249e5a3d7830c3a524a9d6b
d177856e-6e46-44ee-8eb5-83ef1c7452c7,261428be7c3a12a57d99c96709581bd2
d177856e-6e46-44ee-8eb5-83ef1c7452c7,cda06befdca1c6052476e5d3e71c8723
d177856e-6e46-44ee-8eb5-83ef1c7452c7,5ba9c29c279fc7b393d86835b9f4c06c
d177856e-6e46-44ee-8eb5-83ef1c7452c7,7b4cf427494c5088854018b97b685dbd
d177856e-6e46-44ee-8eb5-83ef1c7452c7,69bdca64854b35d5ef972c6d81c1029e
d177856e-6e46-44ee-8eb5-83ef1c7452c7,a2e2a76cfa1e8a02a8121d254b82de6a
d177856e-6e46-44ee-8eb5-83ef1c7452c7,7fe92f65821cd989593bcaf60f444a29
d177856e-6e46-44ee-8eb5-83ef1c7452c7,60a4529771c23481c6ff0e2fdf25102a
d177856e-6e46-44ee-8eb5-83ef1c7452c7,1098741b6a6bd18b95197dc36de6a704
d177856e-6e46-44ee-8eb5-83ef1c7452c7,208431eeffa686e43305ebd59f615b9d
d177856e-6e46-44ee-8eb5-83ef1c7452c7,f5b06bf63bd0f224767d870bd1bcc38c
d177856e-6e46-44ee-8eb5-83ef1c7452c7,190397f58517c28af03c27dd2813139b
d177856e-6e46-44ee-8eb5-83ef1c7452c7,ade7e41123f60712a5b13a94f0ae564e
d177856e-6e46-44ee-8eb5-83ef1c7452c7,70580839820f0a4c1209017a63dc23cd
d177856e-6e46-44ee-8eb5-83ef1c7452c7,8ee82ccdb3d78d50a9c0be8571492959
d177856e-6e46-44ee-8eb5-83ef1c7452c7,1f0d9ba79dc2d21bdb595ad44d295ec8
d177856e-6e46-44ee-8eb5-83ef1c7452c7,fc22366ae3bd4caee04c73bf1e35a8ab
d177856e-6e46-44ee-8eb5-83ef1c7452c7,9e5c07a87ae5ebb91caa3550644e25b6
d177856e-6e46-44ee-8eb5-83ef1c7452c7,fe9b70eaad6bf23a3bb6dc3355a3fd3e
d177856e-6e46-44ee-8eb5-83ef1c7452c7,c12bd8e6ade6afd0fc8421d82f776037
d177856e-6e46-44ee-8eb5-83ef1c7452c7,c2af52dab6adb4230c087ac8524447e6
d177856e-6e46-44ee-8eb5-83ef1c7452c7,a63dd131e43d4e5ef1d428ad20219192
d177856e-6e46-44ee-8eb5-83ef1c7452c7,f2d1c2e1a0411d160dcb6181ac17455f
d177856e-6e46-44ee-8eb5-83ef1c7452c7,8cd952ddc05c98aa40a487b2b16b33d3
d177856e-6e46-44ee-8eb5-83ef1c7452c7,c38b35ed0ec9151637eb845f6cc97a39
d177856e-6e46-44ee-8eb5-83ef1c7452c7,af99f3230939cdd3d7b5be99c05abef0
d177856e-6e46-44ee-8eb5-83ef1c7452c7,f9a6b780b7ad0a9c43eb39947b1d8d16
d177856e-6e46-44ee-8eb5-83ef1c7452c7,81bf4fdd0fb14c6ad7f0799334ad84c5
d177856e-6e46-44ee-8eb5-83ef1c7452c7,14114c952538db03bd15e233352469e5
d177856e-6e46-44ee-8eb5-83ef1c7452c7,4e85e47d7dd070034e36d6af7fff5757
d177856e-6e46-44ee-8eb5-83ef1c7452c7,ba2fe28714231ae2c2c711dcb7587d29
d177856e-6e46-44ee-8eb5-83ef1c7452c7,5b40563087cfedfe77575e0751cd3871
d177856e-6e46-44ee-8eb5-83ef1c7452c7,65b85a292e7f27bf108982be31f5cd64
d177856e-6e46-44ee-8eb5-83ef1c7452c7,b25491fc369e0a38f4fa3c3797ea0aaa
d177856e-6e46-44ee-8eb5-83ef1c7452c7,1cf8617888182183738e64a05d36030d
d177856e-6e46-44ee-8eb5-83ef1c7452c7,474a92644292347d4301c29b311124fe
d177856e-6e46-44ee-8eb5-83ef1c7452c7,592a86ad88cf3806afba9cf096baf4d2
d177856e-6e46-44ee-8eb5-83ef1c7452c7,248ec7dfb49c997dc093d91d0b312cbe
d177856e-6e46-44ee-8eb5-83ef1c7452c7,cc8486773754ab0a738b5e09d7211cfc
d177856e-6e46-44ee-8eb5-83ef1c7452c7,17426d0482534d4e2824cd23dde859d1
d177856e-6e46-44ee-8eb5-83ef1c7452c7,ee5fbce9e69ab10ca04d9c53f2f91f21
d177856e-6e46-44ee-8eb5-83ef1c7452c7,0cec4d89bd996f407b720da743a13175
d177856e-6e46-44ee-8eb5-83ef1c7452c7,24ca2ae348c3b70feb646bad8c3d3025
d177856e-6e46-44ee-8eb5-83ef1c7452c7,1d4e5231b5dbaa6138a6faeb4360404a
d177856e-6e46-44ee-8eb5-83ef1c7452c7,13a4e228a62ee6ac223c90f8defc2da7
d177856e-6e46-44ee-8eb5-83ef1c7452c7,dba856475c47a263316234d123cd20ec
d177856e-6e46-44ee-8eb5-83ef1c7452c7,2977414b55ab2ddb227343eb7c529c1c
d177856e-6e46-44ee-8eb5-83ef1c7452c7,78eccd6d74f352478a6d403161d7a335
d177856e-6e46-44ee-8eb5-83ef1c7452c7,31b62e951fe5386f1296b66f5bb2db8f
d177856e-6e46-44ee-8eb5-83ef1c7452c7,a37e4fda41b8a6edd6724a5ee887d8af
d177856e-6e46-44ee-8eb5-83ef1c7452c7,2c78bb5b1d67b288f0c3f0fe745fdcfa
d177856e-6e46-44ee-8eb5-83ef1c7452c7,1c6516f9724fbe1511fe3bb0edee2b7a
d177856e-6e46-44ee-8eb5-83ef1c7452c7,1694e31e23402405028c1a2fdba43d75
d177856e-6e46-44ee-8eb5-83ef1c7452c7,643c642722c4186f05e299e6a090a7b9
d177856e-6e46-44ee-8eb5-83ef1c7452c7,43cb645795502a37e859e93598370422
d177856e-6e46-44ee-8eb5-83ef1c7452c7,466a1c7db6b4b4613ce4cc23db4397dd
d177856e-6e46-44ee-8eb5-83ef1c7452c7,04b118b681bfb8db27f1aad29ff50242
d177856e-6e46-44ee-8eb5-83ef1c7452c7,d9a081855a8eea9626c39714792b2297
d177856e-6e46-44ee-8eb5-83ef1c7452c7,50923feed0ac1597dd624f5bb5a42d39
d177856e-6e46-44ee-8eb5-83ef1c7452c7,7d1f67a9aee7b9408a8fb2f208781c49
d177856e-6e46-44ee-8eb5-83ef1c7452c7,6de5b44a901ba2df59e65614d4c3331c
d177856e-6e46-44ee-8eb5-83ef1c7452c7,75259a7499ee9518d249d1fba6f08593
d177856e-6e46-44ee-8eb5-83ef1c7452c7,cb4cfa27c5ab9018bdff59a97a1b53dd
d177856e-6e46-44ee-8eb5-83ef1c7452c7,bdbb2f45cda750e67537d948dd8c1606
d177856e-6e46-44ee-8eb5-83ef1c7452c7,9e36962ae5a3fbe9e9c9db5da1445dfd
d177856e-6e46-44ee-8eb5-83ef1c7452c7,8ad2a305343dd5776baefa84270cc671
d177856e-6e46-44ee-8eb5-83ef1c7452c7,79b6becb2422287ff69ffb97bd83e85b
d177856e-6e46-44ee-8eb5-83ef1c7452c7,f46357ec05fa9f573c0ad9a90627ddf9
d177856e-6e46-44ee-8eb5-83ef1c7452c7,999f2137ed235cb68cd0f27ff15a47b5
d177856e-6e46-44ee-8eb5-83ef1c7452c7,f561dc88e827c16d59cc262b3f3790e2
d177856e-6e46-44ee-8eb5-83ef1c7452c7,4842e765b07aacb9e80339bc1fe3a47a
d177856e-6e46-44ee-8eb5-83ef1c7452c7,b26dea1e8454db21b161fae451632397
d177856e-6e46-44ee-8eb5-83ef1c7452c7,f7a01e1c2d00c89aab2e0b9c06b125b6
d177856e-6e46-44ee-8eb5-83ef1c7452c7,bf3b7259d1ab971f44f07d9abec12503
d177856e-6e46-44ee-8eb5-83ef1c7452c7,2385345379a65dc4420cef3239f59801
d177856e-6e46-44ee-8eb5-83ef1c7452c7,af8d518fbb45993ba472077367830b23
d177856e-6e46-44ee-8eb5-83ef1c7452c7,f41a2bd79ac16ce1025c118026b115b1
d177856e-6e46-44ee-8eb5-83ef1c7452c7,4e298a48ed8c12ca89d6988b3c06bf10
d177856e-6e46-44ee-8eb5-83ef1c7452c7,7b79a29facde572abc309c526491b886
d177856e-6e46-44ee-8eb5-83ef1c7452c7,6a53c15b59d696d88a6673f3cab9e9d7
d177856e-6e46-44ee-8eb5-83ef1c7452c7,ddd4efcb17f5574c7553cfd2dc27ba65
d177856e-6e46-44ee-8eb5-83ef1c7452c7,29c3c39cbc56605b6f3452f7766a7166
d177856e-6e46-44ee-8eb5-83ef1c7452c7,bfa09f5c838db4da5639f158d14e5573
d177856e-6e46-44ee-8eb5-83ef1c7452c7,65fc5a556aac589b6418e5065d1441d3
d177856e-6e46-44ee-8eb5-83ef1c7452c7,310c0ac442e72fd7e602909f83824455
d177856e-6e46-44ee-8eb5-83ef1c7452c7,6defd8d0efa482b00f849994e351a29d
d177856e-6e46-44ee-8eb5-83ef1c7452c7,5d41a4f99786534ba44231ade4df8269
d177856e-6e46-44ee-8eb5-83ef1c7452c7,7e128ba2314506243ad8564d894323a4
d177856e-6e46-44ee-8eb5-83ef1c7452c7,4f94ff0134b5926e7a92c500693ef4d6
d177856e-6e46-44ee-8eb5-83ef1c7452c7,c99043c71c2e459ad8516b93a3001cd3
d177856e-6e46-44ee-8eb5-83ef1c7452c7,a8d6e87879c7806f9912b57f63e98138
d177856e-6e46-44ee-8eb5-83ef1c7452c7,54f7a13c106a99700c114109d66cb120
d177856e-6e46-44ee-8eb5-83ef1c7452c7,64cd131a0ebcf47f84e522a2a635d39e
d177856e-6e46-44ee-8eb5-83ef1c7452c7,5f2df1a8ec1566b079f9ed574674c6f7
d177856e-6e46-44ee-8eb5-83ef1c7452c7,9617f9e0bbee5d114a916162fe4047f8
d177856e-6e46-44ee-8eb5-83ef1c7452c7,b707853561155c639bf1830a26857190
d177856e-6e46-44ee-8eb5-83ef1c7452c7,f533f0ac9645e1e6012679b1ac09ca9d
d177856e-6e46-44ee-8eb5-83ef1c7452c7,8402fd93ef1def923c6f05785cb28562
d177856e-6e46-44ee-8eb5-83ef1c7452c7,ac9c05d57be5e66267e85f65f0b02e5c
d177856e-6e46-44ee-8eb5-83ef1c7452c7,36a8cb2b65cdcd6a181b219bda4b8130
d177856e-6e46-44ee-8eb5-83ef1c7452c7,a65729258576ea09975edd3e0f3fd019
d177856e-6e46-44ee-8eb5-83ef1c7452c7,0a2029ba73c2f41918340ac6eb780b88
d177856e-6e46-44ee-8eb5-83ef1c7452c7,026e7156332477c5ecd506ba70bc85f7
d177856e-6e46-44ee-8eb5-83ef1c7452c7,8a863536099a48c18d3d962e156b5c92
d177856e-6e46-44ee-8eb5-83ef1c7452c7,719798f4a51f53b1d92a545b784bd5e4
d177856e-6e46-44ee-8eb5-83ef1c7452c7,b524e64e4d6966fcccc2d1fcea47e3a7
d177856e-6e46-44ee-8eb5-83ef1c7452c7,5c283e3877657ea39cb4ff62f993d939
d177856e-6e46-44ee-8eb5-83ef1c7452c7,7f8e488a225b91a9213368430e134e32
d177856e-6e46-44ee-8eb5-83ef1c7452c7,e785a0e79d0c6f5ef6508dbc8b4670c5
d177856e-6e46-44ee-8eb5-83ef1c7452c7,85dc570ec54e9fc00baa7ae10aae98bd
d177856e-6e46-44ee-8eb5-83ef1c7452c7,60b118552bfe7767f454c5c087bdae51
d177856e-6e46-44ee-8eb5-83ef1c7452c7,1e442deedbd4cd7a7a9e3fdc7a74f371
d177856e-6e46-44ee-8eb5-83ef1c7452c7,b9c656ba762af88cbdd262bd44495155
d177856e-6e46-44ee-8eb5-83ef1c7452c7,81dbd6d99868e9a0da5e70a8247d10ef
d177856e-6e46-44ee-8eb5-83ef1c7452c7,1700291a46848bbc6a926648edbd7936
d177856e-6e46-44ee-8eb5-83ef1c7452c7,c7e6f282d3cb138f5480e410546c1ba9
d177856e-6e46-44ee-8eb5-83ef1c7452c7,412a806d95f8ea32151ddb24a9e61a9c
d177856e-6e46-44ee-8eb5-83ef1c7452c7,f5f281f1a2970e24e79ccfc4f0ab5afe
d177856e-6e46-44ee-8eb5-83ef1c7452c7,e27e31949460cecf29a455c9787e31e4
d177856e-6e46-44ee-8eb5-83ef1c7452c7,b0489f3f57d7c7f52f9ecfbf5a103485
d177856e-6e46-44ee-8eb5-83ef1c7452c7,77221080533ddb21c8ae8dc47944d793
d177856e-6e46-44ee-8eb5-83ef1c7452c7,aeab0514051b708d8a117345b71c41de
d177856e-6e46-44ee-8eb5-83ef1c7452c7,7503f29106ff7e65ecaf9e19ad79cf96
d177856e-6e46-44ee-8eb5-83ef1c7452c7,6b084868841c143d8761f8dca25c42f9
d177856e-6e46-44ee-8eb5-83ef1c7452c7,fee275e444411700eb7352ee349121c3
d177856e-6e46-44ee-8eb5-83ef1c7452c7,146810a2a59ea97988ff6eb90e771e08
d177856e-6e46-44ee-8eb5-83ef1c7452c7,0d290b44f35efa44b9cb38233e069cae
d177856e-6e46-44ee-8eb5-83ef1c7452c7,7f328f1f217a6591fa02503395b3dd28
d177856e-6e46-44ee-8eb5-83ef1c7452c7,083b2c69d120badc81a9a8371ed19bbb
d177856e-6e46-44ee-8eb5-83ef1c7452c7,3b7e15681c286134c3eb809d023af079
d177856e-6e46-44ee-8eb5-83ef1c7452c7,a2325ff431cbb6567bd8c7febf640771
d177856e-6e46-44ee-8eb5-83ef1c7452c7,2940339eb8bd7fa78da3d60bdfd523ee
d177856e-6e46-44ee-8eb5-83ef1c7452c7,5614aaa7436dc9cb0a172e88187771bf
d177856e-6e46-44ee-8eb5-83ef1c7452c7,f5f6e4dd686d80148f03b496631e8ce5
d177856e-6e46-44ee-8eb5-83ef1c7452c7,2f6c6d15dca5cbc9fec22b436639d6a7
d177856e-6e46-44ee-8eb5-83ef1c7452c7,9b3a7dabe6113fc59b9782b7791da92e
d177856e-6e46-44ee-8eb5-83ef1c7452c7,70294faa81bdb9c06473683ca8d7029c
d177856e-6e46-44ee-8eb5-83ef1c7452c7,4a4b30c61f01450fbb1e79e806172369
d177856e-6e46-44ee-8eb5-83ef1c7452c7,f9c301be44506abfd656096668d9266e
d177856e-6e46-44ee-8eb5-83ef1c7452c7,070464c28c1d78c893b7ef1cc5a9e042
d177856e-6e46-44ee-8eb5-83ef1c7452c7,5e70040ff51206c5baa8a060e1f2a62a
d177856e-6e46-44ee-8eb5-83ef1c7452c7,a42cf5a8c307bc83cdf57f6b068a5fcc
d177856e-6e46-44ee-8eb5-83ef1c7452c7,7221930b826859aa0501f6081b8aebba
d177856e-6e46-44ee-8eb5-83ef1c7452c7,41bf34f33f4e5595ba4590ff920030af
d177856e-6e46-44ee-8eb5-83ef1c7452c7,f0cc477dd2399fa4734bfa0954aaf98e
d177856e-6e46-44ee-8eb5-83ef1c7452c7,93fe8e19b1bba2857471d379e77ea1a2
d177856e-6e46-44ee-8eb5-83ef1c7452c7,ec77d2223b7daaa6df39f9d08efac3aa
d177856e-6e46-44ee-8eb5-83ef1c7452c7,a7bf226f204b9f6a9a531b329babbeee
d177856e-6e46-44ee-8eb5-83ef1c7452c7,a0ecb75f620dffce01c8e9a84d4eb8e3
d177856e-6e46-44ee-8eb5-83ef1c7452c7,7299672871909035dfd34cf8db06b251
d177856e-6e46-44ee-8eb5-83ef1c7452c7,361e85a86487e89fa297a4ef2394b3a4
d177856e-6e46-44ee-8eb5-83ef1c7452c7,48d9b2e5ebbac93c8e5fec36ddd5a94d
d177856e-6e46-44ee-8eb5-83ef1c7452c7,56f64a84bc675c99ff4fdadd83658ca1
d177856e-6e46-44ee-8eb5-83ef1c7452c7,a505f16af1dcdc3b73a0e23b7e0d3708
d177856e-6e46-44ee-8eb5-83ef1c7452c7,4a1b15e671c429abe5b71da9902346d8
d177856e-6e46-44ee-8eb5-83ef1c7452c7,7921954437c2c553c3d0adfd16ed18a2
d177856e-6e46-44ee-8eb5-83ef1c7452c7,46b02b3d2deba15d5cc67b1c7832e93e
d177856e-6e46-44ee-8eb5-83ef1c7452c7,a2ed0f0584a3f907f00ff7621368a1a6
d177856e-6e46-44ee-8eb5-83ef1c7452c7,6bf9e16633515f98d3d6a14cd294118f
d177856e-6e46-44ee-8eb5-83ef1c7452c7,56dfdde28a8ea676940826f05e8a7aaa
d177856e-6e46-44ee-8eb5-83ef1c7452c7,b0549139639c37270224eaa58fc7b937
d177856e-6e46-44ee-8eb5-83ef1c7452c7,ef51f30dc405d61ee8b68e0b7ee0fd67
d177856e-6e46-44ee-8eb5-83ef1c7452c7,bb7bb4a1127b6d9713b1f6f45123dcdb
d177856e-6e46-44ee-8eb5-83ef1c7452c7,67a9b342b60fde868275ed6f3df4f9cc
d177856e-6e46-44ee-8eb5-83ef1c7452c7,5bad6142c00ce928189cdfb40969b239
d177856e-6e46-44ee-8eb5-83ef1c7452c7,d99ec8429a5ed7385a1b543705d0a5d3
d177856e-6e46-44ee-8eb5-83ef1c7452c7,eb1c339ea59492ada375071cf14902ce
d177856e-6e46-44ee-8eb5-83ef1c7452c7,81b14c4addaa25bfe41248520d769371
d177856e-6e46-44ee-8eb5-83ef1c7452c7,3674ffa76379957eb57f4a7f4e23881f
d177856e-6e46-44ee-8eb5-83ef1c7452c7,655b096c9420ccae0ecaf6696e19ab0f
d177856e-6e46-44ee-8eb5-83ef1c7452c7,61172f484abc17b2a40944f4740ac396
d177856e-6e46-44ee-8eb5-83ef1c7452c7,11e73f92c45a020a6a5caddb5c75e868
d177856e-6e46-44ee-8eb5-83ef1c7452c7,e5035f80f16473ef18e9a6a100d863ee
d177856e-6e46-44ee-8eb5-83ef1c7452c7,92034ccdbfdab40f5d73a3760277b1f0
d177856e-6e46-44ee-8eb5-83ef1c7452c7,bee99b173305104edb5a0112d71b09c9
d177856e-6e46-44ee-8eb5-83ef1c7452c7,21562523c867c86971fdda25b49b8706
d177856e-6e46-44ee-8eb5-83ef1c7452c7,82fbb7bccd273ced13be533283ac9255
d177856e-6e46-44ee-8eb5-83ef1c7452c7,0d395a0fbfc085fa883a49e406ad431a
d177856e-6e46-44ee-8eb5-83ef1c7452c7,e014f4b826e68691748bedbc6eb57d7a
d177856e-6e46-44ee-8eb5-83ef1c7452c7,95c0cbbb3b6fa100a75828cd02ca3254
d177856e-6e46-44ee-8eb5-83ef1c7452c7,ae53c22b06a1dd9fa55854b58de449c8
d177856e-6e46-44ee-8eb5-83ef1c7452c7,c4afe511c37ad2ce172e279a9fe7f9de
d177856e-6e46-44ee-8eb5-83ef1c7452c7,a2a7450d5f90b1468cb71160843bb41d
d177856e-6e46-44ee-8eb5-83ef1c7452c7,eaf2199c3bb630b43bc7fd57c2665500
d177856e-6e46-44ee-8eb5-83ef1c7452c7,85cb7fe837c8d370d721ba3716fced43
d177856e-6e46-44ee-8eb5-83ef1c7452c7,e93173d165963f618e50e210921c942a
d177856e-6e46-44ee-8eb5-83ef1c7452c7,267cf622720493014a38ff670d87b1d9
d177856e-6e46-44ee-8eb5-83ef1c7452c7,0640a44dc363c2f65363db1fcbec6f9d
d177856e-6e46-44ee-8eb5-83ef1c7452c7,20495b4803f4fca64af59600d4c91e8a
d177856e-6e46-44ee-8eb5-83ef1c7452c7,8bba30076def2f6330c3cb26570b0cd2
d177856e-6e46-44ee-8eb5-83ef1c7452c7,d3bdff32872db44bdb23ac038caab719
d177856e-6e46-44ee-8eb5-83ef1c7452c7,977c7800910aec53a66c4577449d8fab
d177856e-6e46-44ee-8eb5-83ef1c7452c7,d4f62ff9d47ef078ee0ffaf2efd31be4
d177856e-6e46-44ee-8eb5-83ef1c7452c7,427d0cc4a716cf83c0ea6f661fe00ff7
d177856e-6e46-44ee-8eb5-83ef1c7452c7,f9149a25b9affdb957f18de2844f4eea
d177856e-6e46-44ee-8eb5-83ef1c7452c7,f2e1358da05bf04a31fb2171fa1bf966
d177856e-6e46-44ee-8eb5-83ef1c7452c7,2439b900a6ce6984e39fb924d0ebc4a1
d177856e-6e46-44ee-8eb5-83ef1c7452c7,0b81c2e192dd525253f4b604e69abe38
d177856e-6e46-44ee-8eb5-83ef1c7452c7,9f5af4864c1926a9351784ebe87c71c5
d177856e-6e46-44ee-8eb5-83ef1c7452c7,866ce6feac0343f01ea71df265861e77
d177856e-6e46-44ee-8eb5-83ef1c7452c7,ac624efe24c0068f25ea0b682e0d2b91
d177856e-6e46-44ee-8eb5-83ef1c7452c7,8c7f729ce38e99ed61b2fd63a0a460d3
d177856e-6e46-44ee-8eb5-83ef1c7452c7,f1ac682cd52439a388e1a07f9814ee88
6a10e5d8-f1cd-42b0-8240-a4650efd83d6,4f793af289eb172681b26b3c43547f24
6a10e5d8-f1cd-42b0-8240-a4650efd83d6,aeaa33edfd9ec89c78e49a42c8636c9d
6a10e5d8-f1cd-42b0-8240-a4650efd83d6,fd9e96a630916cce6776e856f8fb0663
6a10e5d8-f1cd-42b0-8240-a4650efd83d6,dfeb70587b1d18a1a6438db6460999ab
6a10e5d8-f1cd-42b0-8240-a4650efd83d6,8e4402522bb8bfc52f9b3c001560d0b6
6a10e5d8-f1cd-42b0-8240-a4650efd83d6,29cdfc23d9261e83d3815ced33da3d93
6a10e5d8-f1cd-42b0-8240-a4650efd83d6,b852f17d7c559119f1f8cf55c73fe871
6a10e5d8-f1cd-42b0-8240-a4650efd83d6,a1d956844cbe38af577c8d7d4cd32d23
6a10e5d8-f1cd-42b0-8240-a4650efd83d6,87dad0c0cbff41f37081394b4fe27f00
6a10e5d8-f1cd-42b0-8240-a4650efd83d6,57eddf1885d36c3a3b591398019b4ef5
6a10e5d8-f1cd-42b0-8240-a4650efd83d6,938ff0f52c5c76c1f39490e5dc584d1d
6a10e5d8-f1cd-42b0-8240-a4650efd83d6,0d694c914cbc9165493d02ffc1942b8f
6a10e5d8-f1cd-42b0-8240-a4650efd83d6,85d94944194a7385e3fb575ece14492c
6a10e5d8-f1cd-42b0-8240-a4650efd83d6,d76177bb5db7ba1007a1daa43bac98e1
6a10e5d8-f1cd-42b0-8240-a4650efd83d6,a0e5bae7905568eca33cb466748601bd
6a10e5d8-f1cd-42b0-8240-a4650efd83d6,6854c9fe439bfeec25551f500becdbe5
6a10e5d8-f1cd-42b0-8240-a4650efd83d6,004186db46c7e2015e50ea51ec47d189
6a10e5d8-f1cd-42b0-8240-a4650efd83d6,681850cc246394988998c3503ff8403b
6a10e5d8-f1cd-42b0-8240-a4650efd83d6,7a9667c02faee1338abd45c797985ea8
6a10e5d8-f1cd-42b0-8240-a4650efd83d6,3ad77d8534937617b540d9834dfccc2e
6a10e5d8-f1cd-42b0-8240-a4650efd83d6,52f45c163933ee5e84f965d20e05c4af
6a10e5d8-f1cd-42b0-8240-a4650efd83d6,28fbff1bd6e88d859936a00f20725452
6a10e5d8-f1cd-42b0-8240-a4650efd83d6,1527b5a43067f3073fbbadff030cfb98
6a10e5d8-f1cd-42b0-8240-a4650efd83d6,496ca4a763ccb6f5ac75af43e8a5a542
6a10e5d8-f1cd-42b0-8240-a4650efd83d6,1d5f2e60412a290abc9ea01a395470ce
6a10e5d8-f1cd-42b0-8240-a4650efd83d6,b9eb8615cc14c05286fbfbb5be86a969
6a10e5d8-f1cd-42b0-8240-a4650efd83d6,5d338f2d08f4a3cb3d55dee4b6aa310a
6a10e5d8-f1cd-42b0-8240-a4650efd83d6,8ff9ee719ded1e6d960e1158fdc9eea3
6a10e5d8-f1cd-42b0-8240-a4650efd83d6,d5f8170369170cc48403108f91e7b822
6a10e5d8-f1cd-42b0-8240-a4650efd83d6,9464669a257cdb2426c60647c0c47189
6a10e5d8-f1cd-42b0-8240-a4650efd83d6,68e461ba83c6c44a65497f5524968cf6
6a10e5d8-f1cd-42b0-8240-a4650efd83d6,dcfe6ed8f86080ff8236dd8edfde334d
6a10e5d8-f1cd-42b0-8240-a4650efd83d6,9f5d797823665c03bddab24cfac8f155
6a10e5d8-f1cd-42b0-8240-a4650efd83d6,20f7615b18ad27f30858994e00594abd
6a10e5d8-f1cd-42b0-8240-a4650efd83d6,451309b4d65399df164440b4ba00ddda
6a10e5d8-f1cd-42b0-8240-a4650efd83d6,015f2eb1919b6414432805375d7f7a70
6a10e5d8-f1cd-42b0-8240-a4650efd83d6,c6226700c6f7ccce49387aaaf2a4dfd8
6a10e5d8-f1cd-42b0-8240-a4650efd83d6,9053b9ecfb5d44ef59a5f94bc974b368
6a10e5d8-f1cd-42b0-8240-a4650efd83d6,4ca7e1ca74740300a09cd52c2c07597e
6a10e5d8-f1cd-42b0-8240-a4650efd83d6,d455f27e38071524484c4fe05073f469
6a10e5d8-f1cd-42b0-8240-a4650efd83d6,1ed66ec5339d0997d259f2375f1cdd72
6a10e5d8-f1cd-42b0-8240-a4650efd83d6,d3ee791d7e2f5b5e8ad69a6fdae4e61f
6a10e5d8-f1cd-42b0-8240-a4650efd83d6,c3fc43f1427c1c6acd6cb6072faefd57
6a10e5d8-f1cd-42b0-8240-a4650efd83d6,2d048f5d00b3e1c673ffb0b2f29418d5
6a10e5d8-f1cd-42b0-8240-a4650efd83d6,e83916be4ef20de67081d394738e3781
6a10e5d8-f1cd-42b0-8240-a4650efd83d6,38981b27c3ec4e6b0055130d9ef32176
6a10e5d8-f1cd-42b0-8240-a4650efd83d6,a929a5298d386c39fd8317af49811d7b
6a10e5d8-f1cd-42b0-8240-a4650efd83d6,a2d2123dcb45431ce5995e6df8bb1d29
6a10e5d8-f1cd-42b0-8240-a4650efd83d6,886bcbf3a71126a3fdeaabd4ef5aa5ec
6a10e5d8-f1cd-42b0-8240-a4650efd83d6,553351a9dc80746f561f76f5b505efa7
6a10e5d8-f1cd-42b0-8240-a4650efd83d6,8429ace62f037471254b189871c9b95b
6a10e5d8-f1cd-42b0-8240-a4650efd83d6,72107cfa5695452e3ccf6943818aa4f9
6a10e5d8-f1cd-42b0-8240-a4650efd83d6,d841a24c5e284c4ccf77463d782ed032
6a10e5d8-f1cd-42b0-8240-a4650efd83d6,9d2a43d2d35b8d2818befd7e013e2f8a
6a10e5d8-f1cd-42b0-8240-a4650efd83d6,acf85b412886ae7a385d58254924b933
6a10e5d8-f1cd-42b0-8240-a4650efd83d6,9fba2cd8067d8b6ed08cd8ef10eeb84b
6a10e5d8-f1cd-42b0-8240-a4650efd83d6,61b7f49bad69bf8ef21739e03fc066ed
6a10e5d8-f1cd-42b0-8240-a4650efd83d6,a22c291ce1f4dbcfcbdb1d99c27250c4
6a10e5d8-f1cd-42b0-8240-a4650efd83d6,5033848c096f3376f2e18cb7090cc53a
6a10e5d8-f1cd-42b0-8240-a4650efd83d6,e92451e43e989db01360914f3a5a6b24
6a10e5d8-f1cd-42b0-8240-a4650efd83d6,394c6b4659d088d364c2a89097e5bc29
6a10e5d8-f1cd-42b0-8240-a4650efd83d6,a96719b3048188bcd959c4a0d9234476
6a10e5d8-f1cd-42b0-8240-a4650efd83d6,b6549e63fcf933fe6dadea6585b618d7
6a10e5d8-f1cd-42b0-8240-a4650efd83d6,67f85ff299e5cfef2f04695081ca6523
6a10e5d8-f1cd-42b0-8240-a4650efd83d6,b3707d23f1d264bdbb2f9b043d96fb7c
6a10e5d8-f1cd-42b0-8240-a4650efd83d6,9567d487ee1dfad47b9d7cd57e682d6e
6a10e5d8-f1cd-42b0-8240-a4650efd83d6,c23c6237242ebc2bffcd8b84b8bdf019
6a10e5d8-f1cd-42b0-8240-a4650efd83d6,cd9ae20d9d00da89c87efef6a0e983ca
6a10e5d8-f1cd-42b0-8240-a4650efd83d6,19244af38cbd8d55a2c62869f6c1196e
6a10e5d8-f1cd-42b0-8240-a4650efd83d6,7f337a932e641d658d78ef7a688e171f
6a10e5d8-f1cd-42b0-8240-a4650efd83d6,8e1c57b23f87646644fa5e9274a27187
6a10e5d8-f1cd-42b0-8240-a4650efd83d6,a81d7530e3f1c9e849cb8775b6a67f5a
6a10e5d8-f1cd-42b0-8240-a4650efd83d6,e1fbfdfb9d30ea3ef719efb3f200cd3d
6a10e5d8-f1cd-42b0-8240-a4650efd83d6,faa05983206db4a42b9a7324b11dc1a8
6a10e5d8-f1cd-42b0-8240-a4650efd83d6,225a35740c5fd6cba372579874193c76
6a10e5d8-f1cd-42b0-8240-a4650efd83d6,f5afeb5af400de7048262c838aeba03e
6a10e5d8-f1cd-42b0-8240-a4650efd83d6,f23593afb6b6cfdb345c665314347f3c
6a10e5d8-f1cd-42b0-8240-a4650efd83d6,2aba4202eb50b942217720831d234b88
6a10e5d8-f1cd-42b0-8240-a4650efd83d6,5f598b54acf014b1fd15c534cafc0c67
6a10e5d8-f1cd-42b0-8240-a4650efd83d6,ec720cd9959b859338d4f9f922309d2b
6a10e5d8-f1cd-42b0-8240-a4650efd83d6,a9f2ddaff4e43d2d02bde849c85437d5
6a10e5d8-f1cd-42b0-8240-a4650efd83d6,7d723c5a70a011a2e01eb0b26815eac7
6a10e5d8-f1cd-42b0-8240-a4650efd83d6,d0d2c621c7a7ce79bf0d5c84f85bf2f8
6a10e5d8-f1cd-42b0-8240-a4650efd83d6,ffabfd36b7daf6a196e469e96a0b9524
6a10e5d8-f1cd-42b0-8240-a4650efd83d6,1385302b3fdaa85b7aa8173d8b38ece6
6a10e5d8-f1cd-42b0-8240-a4650efd83d6,78d86078f571299b2db0fc4f09357db4
6a10e5d8-f1cd-42b0-8240-a4650efd83d6,60637db8fa953f43068c40d0c3b3418d
6a10e5d8-f1cd-42b0-8240-a4650efd83d6,eba69d6a40bbeb64d1c84bc8c739d88b
6a10e5d8-f1cd-42b0-8240-a4650efd83d6,a83ee117b754c1759b7da904446e6909
6a10e5d8-f1cd-42b0-8240-a4650efd83d6,7397897f487430e764a23015298322bb
6a10e5d8-f1cd-42b0-8240-a4650efd83d6,5b691a265e6338d326456b92c40b5dd5
6a10e5d8-f1cd-42b0-8240-a4650efd83d6,8a733c3bfc6163a966595144fac5a636
6a10e5d8-f1cd-42b0-8240-a4650efd83d6,cdc853b2418e526fc2fe91cb70502360
6a10e5d8-f1cd-42b0-8240-a4650efd83d6,26adcb0ad2793e7c7b21763623bc60fe
6a10e5d8-f1cd-42b0-8240-a4650efd83d6,722b07142f3524c9c06b75d96308a3ba
6a10e5d8-f1cd-42b0-8240-a4650efd83d6,b635e9c44af4b27d91648d1691759234
6a10e5d8-f1cd-42b0-8240-a4650efd83d6,69d43dbee2e9f5fb258ecd717868b28d
6a10e5d8-f1cd-42b0-8240-a4650efd83d6,920c6c8d85ad495337084b1b06b9b4af
6a10e5d8-f1cd-42b0-8240-a4650efd83d6,8caa247af90b2b878122dba4409ed5af
6a10e5d8-f1cd-42b0-8240-a4650efd83d6,99bd2067ace91f1ba782bfb376849b56
6a10e5d8-f1cd-42b0-8240-a4650efd83d6,2e755e6a60bda127322bda55a6d1d8ef
6a10e5d8-f1cd-42b0-8240-a4650efd83d6,aca18b96c349c64e9289069a2651f9f7
6a10e5d8-f1cd-42b0-8240-a4650efd83d6,187330a60b89f8bb6d0f695612ef5146
6a10e5d8-f1cd-42b0-8240-a4650efd83d6,d6d9a3bc41361828af98ac4dfdf25eb6
6a10e5d8-f1cd-42b0-8240-a4650efd83d6,9aceb5cdf4ca9734d7688a73031583bc
6a10e5d8-f1cd-42b0-8240-a4650efd83d6,ed337b815b18ebf6697af9c4238cb8ea
6a10e5d8-f1cd-42b0-8240-a4650efd83d6,fc0a9af8b542eda62df2c040f7224ab8
6a10e5d8-f1cd-42b0-8240-a4650efd83d6,b8858b6f494dcde216e9a80ef1f1d3da
6a10e5d8-f1cd-42b0-8240-a4650efd83d6,8fa4c154946f7b6ad6cb84b8298c5176
6a10e5d8-f1cd-42b0-8240-a4650efd83d6,a5175b63716797488ccea61d68836016
6a10e5d8-f1cd-42b0-8240-a4650efd83d6,4ac4a1fbd366e0e107ed80843606d245
6a10e5d8-f1cd-42b0-8240-a4650efd83d6,5fb3064def16517fa5759551b2c2823e
6a10e5d8-f1cd-42b0-8240-a4650efd83d6,fbebc8eccdea4f2776acecfeffc277f4
6a10e5d8-f1cd-42b0-8240-a4650efd83d6,e1536b842e0b82c3793925bfebbb7cee
6a10e5d8-f1cd-42b0-8240-a4650efd83d6,6464d1367920ca3a66d40a7501cba147
6a10e5d8-f1cd-42b0-8240-a4650efd83d6,9fc8dd267d310f582eb16535414e6e79
6a10e5d8-f1cd-42b0-8240-a4650efd83d6,33c78b9d14e4bc21833440f41f350ca8
6a10e5d8-f1cd-42b0-8240-a4650efd83d6,95e10da32184a36e8f4e1ea51af20f97
6a10e5d8-f1cd-42b0-8240-a4650efd83d6,8d4184a7d30a5417251b961aa5874a3f
6a10e5d8-f1cd-42b0-8240-a4650efd83d6,03bc2f11cbe012571fca471eac4e8600
6a10e5d8-f1cd-42b0-8240-a4650efd83d6,fe6d23d8d1cf12ca28558dbfe06cea15
6a10e5d8-f1cd-42b0-8240-a4650efd83d6,d9afa7b2937a7e6f02a33abe963728ce
6a10e5d8-f1cd-42b0-8240-a4650efd83d6,0a009d728dfc1f2e16841dd95bdbb442
6a10e5d8-f1cd-42b0-8240-a4650efd83d6,c3180f54cb38e3640507b68a7ad33dfc
6a10e5d8-f1cd-42b0-8240-a4650efd83d6,8e12209903e5267b6bdec06d586b2ea1
6a10e5d8-f1cd-42b0-8240-a4650efd83d6,0d3c4ff5cf1798b99b0832f2edd88054
6a10e5d8-f1cd-42b0-8240-a4650efd83d6,6bdf19f8906d91c907d63e626faad34f
6a10e5d8-f1cd-42b0-8240-a4650efd83d6,6dac95fd26b1de9479084f18ff1f3e97
6a10e5d8-f1cd-42b0-8240-a4650efd83d6,bd3d0575df6701dad2e697914cc8ab01
6a10e5d8-f1cd-42b0-8240-a4650efd83d6,2c72c9400ce8ce960e750d9bdc7fe6c8
6a10e5d8-f1cd-42b0-8240-a4650efd83d6,5caad38bb4a028782cf9b436409fc1b2
6a10e5d8-f1cd-42b0-8240-a4650efd83d6,1b7e8877993addd2d501a64a6af63fc3
6a10e5d8-f1cd-42b0-8240-a4650efd83d6,0e9e56f7993d1def675ff52a330d9adf
6a10e5d8-f1cd-42b0-8240-a4650efd83d6,4df385526821c7b371aa0fcec6438f46
6a10e5d8-f1cd-42b0-8240-a4650efd83d6,5019efeafdbc11574d5948004a0e5647
6a10e5d8-f1cd-42b0-8240-a4650efd83d6,368fff071a381a5f7d9418df76ddad39
6a10e5d8-f1cd-42b0-8240-a4650efd83d6,af3407d083ea2d3cf8c433c4c2c7c4dc
6a10e5d8-f1cd-42b0-8240-a4650efd83d6,abfd9f2d8fc08c3260cf307f4393fb67
6a10e5d8-f1cd-42b0-8240-a4650efd83d6,2be66924c52bbc1842fd3915096abb5e
6a10e5d8-f1cd-42b0-8240-a4650efd83d6,c5fd0c8fe85e9a09f5c687f48803f961
6a10e5d8-f1cd-42b0-8240-a4650efd83d6,029ad475ac329f7dbcbb86741fcad203
6a10e5d8-f1cd-42b0-8240-a4650efd83d6,213b09eb6c05b314b58f6c2dc11325c2
6a10e5d8-f1cd-42b0-8240-a4650efd83d6,970a7c0a46da70e735c5529312ad71ec
6a10e5d8-f1cd-42b0-8240-a4650efd83d6,38972f7f8f04ff138aacea604a12a851
6a10e5d8-f1cd-42b0-8240-a4650efd83d6,2b04dcf6a15350f9bab86f9027b67793
6a10e5d8-f1cd-42b0-8240-a4650efd83d6,40d64368283654e8a8f0a1f729b3d80b
6a10e5d8-f1cd-42b0-8240-a4650efd83d6,6cbe74e02246083cefbe5c2c99935487
6a10e5d8-f1cd-42b0-8240-a4650efd83d6,87d531b62a06a00f97e32f0edbb02f6d
6a10e5d8-f1cd-42b0-8240-a4650efd83d6,9743c651d6e4624a2c01bdc3671a008d
6a10e5d8-f1cd-42b0-8240-a4650efd83d6,76cc2e5c78afc82c62a81713fc7920c9
6a10e5d8-f1cd-42b0-8240-a4650efd83d6,459d6d83c3f25728d16cc7cbbf52b6b9
6a10e5d8-f1cd-42b0-8240-a4650efd83d6,b06f0b707550774b014ecea1816d8355
6a10e5d8-f1cd-42b0-8240-a4650efd83d6,6883a0ba0dfdecbd9069f6471af3e647
6a10e5d8-f1cd-42b0-8240-a4650efd83d6,531a170b2383b58145cb2edf34f1478f
6a10e5d8-f1cd-42b0-8240-a4650efd83d6,7da81da6d35b77c63ed3d4685defdf9a
6a10e5d8-f1cd-42b0-8240-a4650efd83d6,0fb9894de6159d81030832fa5b47c288
6a10e5d8-f1cd-42b0-8240-a4650efd83d6,96d288e52baa60a6dbfefc61457d9bdd
6a10e5d8-f1cd-42b0-8240-a4650efd83d6,45a71a74a9941983a01120db61b7a5b0
6a10e5d8-f1cd-42b0-8240-a4650efd83d6,9a0bfb6313951ddbdd95bd5699f95499
6a10e5d8-f1cd-42b0-8240-a4650efd83d6,c3d9a1432653293da56c082b4918a957
6a10e5d8-f1cd-42b0-8240-a4650efd83d6,bdc0b420744e8df5051c49dcd51bd1df
6a10e5d8-f1cd-42b0-8240-a4650efd83d6,4732676b433cc653a32d4d94a7993909
6a10e5d8-f1cd-42b0-8240-a4650efd83d6,ca4dc1a803f55fff8a2162d25d50617d
6a10e5d8-f1cd-42b0-8240-a4650efd83d6,86303da4e1fb25a3630cf5731c44ff5f
6a10e5d8-f1cd-42b0-8240-a4650efd83d6,aa1790e358bdcec7cca5196016eb5e81
6a10e5d8-f1cd-42b0-8240-a4650efd83d6,d1f125b1c60d142bd548b461b5412ff4
6a10e5d8-f1cd-42b0-8240-a4650efd83d6,470bc2b509bcc2d6e0e461aaf9825dfa
6a10e5d8-f1cd-42b0-8240-a4650efd83d6,3f70bd0f5b4e4aae6c8571d141885a9a
6a10e5d8-f1cd-42b0-8240-a4650efd83d6,c729d79a16779357aab69bb4f3613ffd
6a10e5d8-f1cd-42b0-8240-a4650efd83d6,490497dcf56736798cdb0cc05d1d68da
6a10e5d8-f1cd-42b0-8240-a4650efd83d6,0e2a455d18adf90cc12d6e58d8495a2d
6a10e5d8-f1cd-42b0-8240-a4650efd83d6,e9da356d8b987c9b633de2d09fc266a4
6a10e5d8-f1cd-42b0-8240-a4650efd83d6,6794d0308a65f294247435b49ad60d02
6a10e5d8-f1cd-42b0-8240-a4650efd83d6,3cabe3990895d0758c8f7e267d007b57
6a10e5d8-f1cd-42b0-8240-a4650efd83d6,35424f147bc2501ac3d6ceaaad5b9be8
6a10e5d8-f1cd-42b0-8240-a4650efd83d6,bbadc9d64f243d7d944773f1f56307f3
6a10e5d8-f1cd-42b0-8240-a4650efd83d6,3b326edf9109571d9d330b0e6ffbd8d5
6a10e5d8-f1cd-42b0-8240-a4650efd83d6,bf5d00b40659ce4cb0b9923e4cb61291
6a10e5d8-f1cd-42b0-8240-a4650efd83d6,8c6ae25d91cc762b53d233d756bde6c1
6a10e5d8-f1cd-42b0-8240-a4650efd83d6,6803957cbf49c781fd625953422bdf8f
6a10e5d8-f1cd-42b0-8240-a4650efd83d6,e2fb15ad45d3db401d89830e204cfaef
6a10e5d8-f1cd-42b0-8240-a4650efd83d6,743ad3b3b9915b722d7ba1f189d4f98e
6a10e5d8-f1cd-42b0-8240-a4650efd83d6,e22e0bb0c68e8c9c0edf2cab4aa934cc
6a10e5d8-f1cd-42b0-8240-a4650efd83d6,d9384c092445475c517e9b0a4dd9e444
6a10e5d8-f1cd-42b0-8240-a4650efd83d6,99f167d0d0089037085e1c21f19e7328
6a10e5d8-f1cd-42b0-8240-a4650efd83d6,e54f31b1b6f6cb4d579cdb0b6c7ae964
6a10e5d8-f1cd-42b0-8240-a4650efd83d6,3112dd743348938bb46aff625459adea
6a10e5d8-f1cd-42b0-8240-a4650efd83d6,ecbdc602f0f6a4eaa5fcdb69d339c43c
6a10e5d8-f1cd-42b0-8240-a4650efd83d6,561083a40ff0913c2d42c4a919ff1f69
6a10e5d8-f1cd-42b0-8240-a4650efd83d6,b1b42885615b89e5d546fa3823a366c5
6a10e5d8-f1cd-42b0-8240-a4650efd83d6,0c7aa8c7233ee5070af4cbe05d581466
6a10e5d8-f1cd-42b0-8240-a4650efd83d6,58ef5e0da248a195fb52895764af9238
6a10e5d8-f1cd-42b0-8240-a4650efd83d6,d49d359d939cb832a7026eaa2a2e86f0
6a10e5d8-f1cd-42b0-8240-a4650efd83d6,921a6dc14ac8b854e43c29c0528c0457
6a10e5d8-f1cd-42b0-8240-a4650efd83d6,d97d62d34aa46ad8cdc2544f6fdb8241
6a10e5d8-f1cd-42b0-8240-a4650efd83d6,a86dfe9e121e29c3ffed7e1e5f3dec81
6a10e5d8-f1cd-42b0-8240-a4650efd83d6,a27ab6d33ea8d49f62303f15de4f56d8
6a10e5d8-f1cd-42b0-8240-a4650efd83d6,2027909468d987ca6c953e1889da7b54
6a10e5d8-f1cd-42b0-8240-a4650efd83d6,411ac460126a030a1f9f149bbe938ec5
6a10e5d8-f1cd-42b0-8240-a4650efd83d6,9811633c40c156d807d98e3690efeb4f
6a10e5d8-f1cd-42b0-8240-a4650efd83d6,89cfa6b82b944aca1a7db569b65f7547
6a10e5d8-f1cd-42b0-8240-a4650efd83d6,0260e45291636b6dbf12b6e97fb4cea7
6a10e5d8-f1cd-42b0-8240-a4650efd83d6,9ca1f656f9963a20035a3b0779de90ad
6a10e5d8-f1cd-42b0-8240-a4650efd83d6,d772ecc3876ed61d7464961c623537d2
6a10e5d8-f1cd-42b0-8240-a4650efd83d6,bea8855ee944dfe371dc4f5bae2506f2
6a10e5d8-f1cd-42b0-8240-a4650efd83d6,69df9aa511890d720a65ce11d39b6cb0
6a10e5d8-f1cd-42b0-8240-a4650efd83d6,0acf6e98bee3fe8c509954b9ee0254ce
6a10e5d8-f1cd-42b0-8240-a4650efd83d6,4776552f51df12ba7dff0fc27fc5262a
6a10e5d8-f1cd-42b0-8240-a4650efd83d6,9fae4b83c07724ff47c3f4f5d4083258
6a10e5d8-f1cd-42b0-8240-a4650efd83d6,0899c6c9a2705448822be9aa69b1ae63
6a10e5d8-f1cd-42b0-8240-a4650efd83d6,295840fb70da0a7371b7d8f8bdd1f457
6a10e5d8-f1cd-42b0-8240-a4650efd83d6,37f0aeee03f4f45f44f29ccee46ad8ba
6a10e5d8-f1cd-42b0-8240-a4650efd83d6,b4572dc4f4e36a84f2375b268e04e913
6a10e5d8-f1cd-42b0-8240-a4650efd83d6,2bafe92d63c8248032f26246b1f41cce
6a10e5d8-f1cd-42b0-8240-a4650efd83d6,6a5f35d50416c8fe6f5a505dde8cafe7
6a10e5d8-f1cd-42b0-8240-a4650efd83d6,de685670070358c73546e043b6c2e349
6a10e5d8-f1cd-42b0-8240-a4650efd83d6,70e1992e714d8d37cac1930cc1f3e568
6a10e5d8-f1cd-42b0-8240-a4650efd83d6,dc003daf8ab2cf8376a6fc7172e252eb
6a10e5d8-f1cd-42b0-8240-a4650efd83d6,af2c8d2af971e90906dcaa3ef931e1fe
6a10e5d8-f1cd-42b0-8240-a4650efd83d6,396706fe058ee9fbe76dbcd998fc3422
6a10e5d8-f1cd-42b0-8240-a4650efd83d6,885d177251c446cbcfa7a9966f387d76
6a10e5d8-f1cd-42b0-8240-a4650efd83d6,cb5745ebc82fecc9b95620dccb00c177
6a10e5d8-f1cd-42b0-8240-a4650efd83d6,d2e86303f5e7f798f9de6d660de8ca13
6a10e5d8-f1cd-42b0-8240-a4650efd83d6,66517c02b1476bd15c40d07bfbfb3d06
6a10e5d8-f1cd-42b0-8240-a4650efd83d6,a4c1c7995f433fc0ddbab7d178f71acf
6a10e5d8-f1cd-42b0-8240-a4650efd83d6,e42788c261fcf259d62d209cfb06818e
6a10e5d8-f1cd-42b0-8240-a4650efd83d6,7608ca43e845ad6612073657244848d5
6a10e5d8-f1cd-42b0-8240-a4650efd83d6,4b2148d201c0ac4b708e72a58c0350f0
6a10e5d8-f1cd-42b0-8240-a4650efd83d6,32e89cea1f896cd87012e99ee43a579f
6a10e5d8-f1cd-42b0-8240-a4650efd83d6,015910e0db92ee703c86a9fd9b147e05
6a10e5d8-f1cd-42b0-8240-a4650efd83d6,5ddc3e65180f978fdbaeeeb3f249fde7
6a10e5d8-f1cd-42b0-8240-a4650efd83d6,845d9f20c1dc1f23abb439fcd21ae666
6a10e5d8-f1cd-42b0-8240-a4650efd83d6,c703cce7202f4926e20f91e0c5a49c9d
6a10e5d8-f1cd-42b0-8240-a4650efd83d6,81b7fcb651606515847d4df42ce0d225
6a10e5d8-f1cd-42b0-8240-a4650efd83d6,fc9120bfc0b1c873a860abdea043f262
6a10e5d8-f1cd-42b0-8240-a4650efd83d6,868e815ba51dd9467b7434cb49ad2e8b
6a10e5d8-f1cd-42b0-8240-a4650efd83d6,149fa8c9b5fc25c01f4dbcf0172799c2
6a10e5d8-f1cd-42b0-8240-a4650efd83d6,7b20cca828a031e56c8cb68d4d4284a1
6a10e5d8-f1cd-42b0-8240-a4650efd83d6,b9699ed3611e565a1f051b5800518242
6a10e5d8-f1cd-42b0-8240-a4650efd83d6,30241daca4369774df8a63299ae2161a
6a10e5d8-f1cd-42b0-8240-a4650efd83d6,6cce96bedb65016e031158da0653a603
6a10e5d8-f1cd-42b0-8240-a4650efd83d6,e47b715a07e45217c60c2558f97e1020
6a10e5d8-f1cd-42b0-8240-a4650efd83d6,3948b63eff432eb39bea038eef6b6e51
6a10e5d8-f1cd-42b0-8240-a4650efd83d6,f516a94f1a5ebb4346ad3b6d629d3e75
6a10e5d8-f1cd-42b0-8240-a4650efd83d6,508bdd67ef7f5ee8b876d008131735d6
6a10e5d8-f1cd-42b0-8240-a4650efd83d6,82132170d9297e63d659a82a3d9a6517
6a10e5d8-f1cd-42b0-8240-a4650efd83d6,6e03a23f19f6d3ce9d8de5e32ccbab01
6a10e5d8-f1cd-42b0-8240-a4650efd83d6,eec2718450228550fb01f3a12da9d132
6a10e5d8-f1cd-42b0-8240-a4650efd83d6,6ab26ac7780312333aa9c40b951efcdd
6a10e5d8-f1cd-42b0-8240-a4650efd83d6,41f16cfaaf40d2f1af990c5afa1257cd
6a10e5d8-f1cd-42b0-8240-a4650efd83d6,c7efe2c22e2a01699ba3addb4e7ed8a8
6a10e5d8-f1cd-42b0-8240-a4650efd83d6,7f3653d80ec99124ca5ebe893edfa597
6a10e5d8-f1cd-42b0-8240-a4650efd83d6,bd708d66b15bddc138096e8b8324dcd6
6a10e5d8-f1cd-42b0-8240-a4650efd83d6,f3c2e808bf68611926a83210ae4fd2d3
6a10e5d8-f1cd-42b0-8240-a4650efd83d6,942c2e2aa06e6b115e99261c207e56e6
6a10e5d8-f1cd-42b0-8240-a4650efd83d6,74e26439f6f8c3f8db3a982caeafbbe0
6a10e5d8-f1cd-42b0-8240-a4650efd83d6,3d35bb6c3378e6030c2b60c0c24b2526
6a10e5d8-f1cd-42b0-8240-a4650efd83d6,e87133f5c08ac2df6ef76c32447cd51c
6a10e5d8-f1cd-42b0-8240-a4650efd83d6,77a9a42428097bc41a5473ac90f8bbf8
6a10e5d8-f1cd-42b0-8240-a4650efd83d6,25cf572804abce780b3bd55d9b80d103
6a10e5d8-f1cd-42b0-8240-a4650efd83d6,76688c2765059577df2cd05e5bb2b896
6a10e5d8-f1cd-42b0-8240-a4650efd83d6,6daeedf309ff5e49187fefe2e18b1fec
6a10e5d8-f1cd-42b0-8240-a4650efd83d6,8126666f380038b2dee784cbc50ff692
6a10e5d8-f1cd-42b0-8240-a4650efd83d6,3abea4cb552200c6e1e7b39ccd3d6358
6a10e5d8-f1cd-42b0-8240-a4650efd83d6,034df984485b117def63b39601c7bdc0
6a10e5d8-f1cd-42b0-8240-a4650efd83d6,7a92e17273bccba0dc964140ce889674
6a10e5d8-f1cd-42b0-8240-a4650efd83d6,8c959327884e9781c93e5635678b4583
6a10e5d8-f1cd-42b0-8240-a4650efd83d6,ca85fac00a35c55a2bd14b5a2b9d0551
6a10e5d8-f1cd-42b0-8240-a4650efd83d6,6db1a83fe177c9e24ba4eb104a5838c0
6a10e5d8-f1cd-42b0-8240-a4650efd83d6,2531b672abb4a770a65a49787387b63d
6a10e5d8-f1cd-42b0-8240-a4650efd83d6,38f099761a47a15dec154a65aa390134
6a10e5d8-f1cd-42b0-8240-a4650efd83d6,d2c10b0ceff9e88aa6fe7a3412bcf239
6a10e5d8-f1cd-42b0-8240-a4650efd83d6,d8f71dbca51b3c1564ff878b21425ba5
6a10e5d8-f1cd-42b0-8240-a4650efd83d6,ff2255f168d9beea0b0107e7a50555e7
6a10e5d8-f1cd-42b0-8240-a4650efd83d6,4930f4924c9bce446640534e85957a04
6a10e5d8-f1cd-42b0-8240-a4650efd83d6,97fc263aed5547867d91a77fdc52112c
6a10e5d8-f1cd-42b0-8240-a4650efd83d6,b2fc31c782fe06d4f7678b103296b977
6a10e5d8-f1cd-42b0-8240-a4650efd83d6,cbb1b058a3979dfed6b0a60a8d5fd3d7
6a10e5d8-f1cd-42b0-8240-a4650efd83d6,387cc5c9d77f9b2ca0b04db60c205efe
6a10e5d8-f1cd-42b0-8240-a4650efd83d6,39258afcb2cf8e9b865171c3a1c04a74
6a10e5d8-f1cd-42b0-8240-a4650efd83d6,8e15cd2b091a69712597f7dbed939b44
6a10e5d8-f1cd-42b0-8240-a4650efd83d6,ef385e01a1a26a74d2060881ef239844
6a10e5d8-f1cd-42b0-8240-a4650efd83d6,416b78733dc9283196674371f81e9db5
6a10e5d8-f1cd-42b0-8240-a4650efd83d6,50b42779a8b25d5cc4170aa0ddfc37d5
6a10e5d8-f1cd-42b0-8240-a4650efd83d6,a34902fcb20a44c06fcaac5173bfa325
6a10e5d8-f1cd-42b0-8240-a4650efd83d6,6335cf36415d54f77f33b6825bc53b80
6a10e5d8-f1cd-42b0-8240-a4650efd83d6,2b8675648b3723c9c44afb9f7a3b18fb
6a10e5d8-f1cd-42b0-8240-a4650efd83d6,efe74b97d4b111407a4da20691fdfe24
6a10e5d8-f1cd-42b0-8240-a4650efd83d6,b3bc7acdf64c8c3fde23f69a2b540884
6a10e5d8-f1cd-42b0-8240-a4650efd83d6,ca73de99a5519983cef1b19d2e446511
6a10e5d8-f1cd-42b0-8240-a4650efd83d6,28fcf7d24f6f9f31e2bc38429fc3584e
6a10e5d8-f1cd-42b0-8240-a4650efd83d6,7da11c3b59950af879ddcafafafd010e
6a10e5d8-f1cd-42b0-8240-a4650efd83d6,7ec4258e291c93e3e8d85ccba5f565e6
6a10e5d8-f1cd-42b0-8240-a4650efd83d6,23e4bc1ef7ff33ece996c58ee13962f6
6a10e5d8-f1cd-42b0-8240-a4650efd83d6,d083c1a58d406861d0b039c3bd56db03
6a10e5d8-f1cd-42b0-8240-a4650efd83d6,6137c3cea63d7a1bac2f490fcd82cbaf
6a10e5d8-f1cd-42b0-8240-a4650efd83d6,4c4177eeab1a1d4981607643b89015dd
6a10e5d8-f1cd-42b0-8240-a4650efd83d6,163668c6c551adc5b1cb5f05f78a032f
6a10e5d8-f1cd-42b0-8240-a4650efd83d6,2973fa50aa1ce40eda57c581ea5a932f
6a10e5d8-f1cd-42b0-8240-a4650efd83d6,9bf40a5fd33cf4f52cb1a4a48388316f
6a10e5d8-f1cd-42b0-8240-a4650efd83d6,9e9dace22a9f8f22876e4e18fc04d90a
6a10e5d8-f1cd-42b0-8240-a4650efd83d6,472f01214374c1b7757a07253c7710a6
6a10e5d8-f1cd-42b0-8240-a4650efd83d6,1725d4a4ee39ecb3f0d4f129d18e54e5
6a10e5d8-f1cd-42b0-8240-a4650efd83d6,32cf86026c7f1d9a1693f6f3975cabed
6a10e5d8-f1cd-42b0-8240-a4650efd83d6,d5220c812d385cc61dfe31056eb7ec39
6a10e5d8-f1cd-42b0-8240-a4650efd83d6,9abfb0d2f9e6826a4590e0c544e96816
6a10e5d8-f1cd-42b0-8240-a4650efd83d6,b93052e7cd10f7fed0abfd4bf2f32f02
6a10e5d8-f1cd-42b0-8240-a4650efd83d6,121733654d523ede61181ab4f434053f
6a10e5d8-f1cd-42b0-8240-a4650efd83d6,ba9fc7bfb1d31071c53600f8c4e7e228
6a10e5d8-f1cd-42b0-8240-a4650efd83d6,b2c1b1cf9c892e3404f8ab85c9d98367
6a10e5d8-f1cd-42b0-8240-a4650efd83d6,424e4f223d06efa2405c715bedf76c4c
6a10e5d8-f1cd-42b0-8240-a4650efd83d6,eaaac22c1cf813fa3f13cb0b26c7dd41
6a10e5d8-f1cd-42b0-8240-a4650efd83d6,33e8549211f1eee360e92c37489bdcf3
6a10e5d8-f1cd-42b0-8240-a4650efd83d6,0824f1b802d4f2b6059a64e79e1f7ece
6a10e5d8-f1cd-42b0-8240-a4650efd83d6,0c541412f3ba5d465f5f0c84a92e846f
6a10e5d8-f1cd-42b0-8240-a4650efd83d6,45638f89d43f729c5d1afefc977fcc2d
6a10e5d8-f1cd-42b0-8240-a4650efd83d6,372ed215573565ee0fe735fed37aaeb5
6a10e5d8-f1cd-42b0-8240-a4650efd83d6,1a1393f7be866a3fd0523e70f69d95f9
6a10e5d8-f1cd-42b0-8240-a4650efd83d6,df6b1dae354e4be750211924f0e3680c
6a10e5d8-f1cd-42b0-8240-a4650efd83d6,a43dd93cc64dbaf2eebc6fba135553f2
6a10e5d8-f1cd-42b0-8240-a4650efd83d6,04f4bb07ed3e8ce0d6d174a212f5403a
6a10e5d8-f1cd-42b0-8240-a4650efd83d6,bf32d1a0cf95adcb08cb962599a0198a
6a10e5d8-f1cd-42b0-8240-a4650efd83d6,c2402c9ce47e80fc55dc65b0d055ae69
6a10e5d8-f1cd-42b0-8240-a4650efd83d6,4626e674d4a01ab3e68f2fa7775526ae
6a10e5d8-f1cd-42b0-8240-a4650efd83d6,7abcd91c585bc734e7aee3c50569b0d9
6a10e5d8-f1cd-42b0-8240-a4650efd83d6,879a193adfab3d498174139235bd6866
6a10e5d8-f1cd-42b0-8240-a4650efd83d6,0605a46a143659adbe47425496ff92cc
6a10e5d8-f1cd-42b0-8240-a4650efd83d6,2fd3e926f0f0a2715c7dc593107108de
6a10e5d8-f1cd-42b0-8240-a4650efd83d6,991832ea15efca36f0d67bcd0e496a93
6a10e5d8-f1cd-42b0-8240-a4650efd83d6,53ce2538c1b3a460f59cd033896d4e95
6a10e5d8-f1cd-42b0-8240-a4650efd83d6,3e67719d9df2f36c81afd7dba48d1432
6a10e5d8-f1cd-42b0-8240-a4650efd83d6,8d2bc8dac9db3067b08a554d441676d9
6a10e5d8-f1cd-42b0-8240-a4650efd83d6,380a9267f90705d2256766e74279f722
6a10e5d8-f1cd-42b0-8240-a4650efd83d6,264fecab2667c6aba8d48fd014ba0477
6a10e5d8-f1cd-42b0-8240-a4650efd83d6,1592ba0e5a3500189c9edf7bd7414cd6
6a10e5d8-f1cd-42b0-8240-a4650efd83d6,ab3079a80f8d883633c5e1df0d9690b7
6a10e5d8-f1cd-42b0-8240-a4650efd83d6,1553e3252b71c222cf0c2b64a814b367
6a10e5d8-f1cd-42b0-8240-a4650efd83d6,8ea15e8f2c61804ac2d33a7824adc685
6a10e5d8-f1cd-42b0-8240-a4650efd83d6,8851d6a8570e8a913f4413c087e9e5bd
6a10e5d8-f1cd-42b0-8240-a4650efd83d6,79e9999228a7dd7cf89221c4d2414204
6a10e5d8-f1cd-42b0-8240-a4650efd83d6,d732fdbd82fb1868f1efc15e79174509
6a10e5d8-f1cd-42b0-8240-a4650efd83d6,0dfb69a85e0246d38b28ffdebe4e581d
6a10e5d8-f1cd-42b0-8240-a4650efd83d6,a88b92017ea6af8140799000a46d459d
6a10e5d8-f1cd-42b0-8240-a4650efd83d6,931466c6841f6b2ff33fe141b6544481
6a10e5d8-f1cd-42b0-8240-a4650efd83d6,3e187030e7ac0622fe89ebfc9be56c41
6a10e5d8-f1cd-42b0-8240-a4650efd83d6,201d807cef8a5106b57b5be65f3f6713
6a10e5d8-f1cd-42b0-8240-a4650efd83d6,a4b16eaff52262f144dcbf4fd13c3509
6a10e5d8-f1cd-42b0-8240-a4650efd83d6,c418dc10fec2aeb74e7a53f3ac82d5e5
6a10e5d8-f1cd-42b0-8240-a4650efd83d6,de869a560996e2d3d88595205381e424
6a10e5d8-f1cd-42b0-8240-a4650efd83d6,6c394726c89bd672b2b03bc8c623c344
6a10e5d8-f1cd-42b0-8240-a4650efd83d6,f3f93da80045daaa00871e9dac264fa5
6a10e5d8-f1cd-42b0-8240-a4650efd83d6,2eff3060a67a9e0984039237241ebd84
6a10e5d8-f1cd-42b0-8240-a4650efd83d6,c065c886e4b9fc6ec445abdc92bdfa0a
6a10e5d8-f1cd-42b0-8240-a4650efd83d6,a4db30e3c9b5855e0583c4ef35d8507b
6a10e5d8-f1cd-42b0-8240-a4650efd83d6,8e83525903149c722b54d0c640a100a3
6a10e5d8-f1cd-42b0-8240-a4650efd83d6,68403aa5c4db05a20b062e2f134e3a19
6a10e5d8-f1cd-42b0-8240-a4650efd83d6,7b030619a312290c627990d0ced3e2cb
6a10e5d8-f1cd-42b0-8240-a4650efd83d6,45807b23ec7127e05b9e5794a1279842
6a10e5d8-f1cd-42b0-8240-a4650efd83d6,5c7014c61770c7ab27a5431f8c5c1e21
6a10e5d8-f1cd-42b0-8240-a4650efd83d6,1876fc6b453f18dfeba19cd59846d49b
6a10e5d8-f1cd-42b0-8240-a4650efd83d6,0b11cb0f8ce40c8f76f2e9e07a66216d
6a10e5d8-f1cd-42b0-8240-a4650efd83d6,6fde5848d6eac3a751077763597e2865
6a10e5d8-f1cd-42b0-8240-a4650efd83d6,e9008aa7712fa2187800c58bd3e5ecd5
6a10e5d8-f1cd-42b0-8240-a4650efd83d6,743a98d32f7cd510b7c5018b0cd330ab
6a10e5d8-f1cd-42b0-8240-a4650efd83d6,ba4d10033e04b88a632420bb19739710
6a10e5d8-f1cd-42b0-8240-a4650efd83d6,1a3f5a621588417153af3fffd83f1bf5
6a10e5d8-f1cd-42b0-8240-a4650efd83d6,078a43868c28d46a77af9aeb96c7cf7e
6a10e5d8-f1cd-42b0-8240-a4650efd83d6,186d6449078bfbb7399fd8f9c951c2a7
6a10e5d8-f1cd-42b0-8240-a4650efd83d6,029422443a7016ce3627d6a3890c131f
6a10e5d8-f1cd-42b0-8240-a4650efd83d6,5a9c9210498ca1a1e3c86a1280929363
6a10e5d8-f1cd-42b0-8240-a4650efd83d6,73cd6c45d82417d62559be13b29c3845
6a10e5d8-f1cd-42b0-8240-a4650efd83d6,311f7abf757d547996ed1ac48b4edc71
6a10e5d8-f1cd-42b0-8240-a4650efd83d6,af395d7dacb36d87faa8be439a4adebc
6a10e5d8-f1cd-42b0-8240-a4650efd83d6,93ef257c2dcc4992f5c871dd18d308cf
6a10e5d8-f1cd-42b0-8240-a4650efd83d6,a20938c559238904eb31cf42bd66f565
6a10e5d8-f1cd-42b0-8240-a4650efd83d6,102293b5a4513858de499587ade4fd02
6a10e5d8-f1cd-42b0-8240-a4650efd83d6,53347140e0428a05f17342b8142ed865
6a10e5d8-f1cd-42b0-8240-a4650efd83d6,c313417164ce54e69e85d4ea8754c47e
6a10e5d8-f1cd-42b0-8240-a4650efd83d6,d2c847ed0335a103136898ecfdfacc9d
6a10e5d8-f1cd-42b0-8240-a4650efd83d6,cdcc03549e1576aa2d1c1c306c7bf1ac
6a10e5d8-f1cd-42b0-8240-a4650efd83d6,ec1e0e9607b5ecc27351a7e0aa7d6d43
6a10e5d8-f1cd-42b0-8240-a4650efd83d6,ad260fcd29149a352a3c74e986751c5d
6a10e5d8-f1cd-42b0-8240-a4650efd83d6,1aea4d3317a5360613fadfa40c713e5f
6a10e5d8-f1cd-42b0-8240-a4650efd83d6,ca68f36e23903164fac584a701450797
6a10e5d8-f1cd-42b0-8240-a4650efd83d6,cc6534e7ba825d509801154715edd8c7
6a10e5d8-f1cd-42b0-8240-a4650efd83d6,fff7ad02d7b52e25c477eeeadba96081
6a10e5d8-f1cd-42b0-8240-a4650efd83d6,704acc98e152268fa7ca8c7ab2edf2c1
6a10e5d8-f1cd-42b0-8240-a4650efd83d6,3c9a6e5947364d240c5d3cde47b7d9d4
6a10e5d8-f1cd-42b0-8240-a4650efd83d6,2c6de3f3dd53c3dc67dc9a7d7515d83e
6a10e5d8-f1cd-42b0-8240-a4650efd83d6,57b39f9540f33070e297d7b0fcb99a42
6a10e5d8-f1cd-42b0-8240-a4650efd83d6,07dda60d64afcd2e030c42d0e139e035
6a10e5d8-f1cd-42b0-8240-a4650efd83d6,ab86a9a1cf7881ae7bfc2cad761ab08c
6a10e5d8-f1cd-42b0-8240-a4650efd83d6,e8be2be1a704ea38804fe6a7d108fca3
6a10e5d8-f1cd-42b0-8240-a4650efd83d6,897c330df9d5afe0d07f1f3a069b3050
6a10e5d8-f1cd-42b0-8240-a4650efd83d6,1a269b665ffff5592dd7a6b236503ee1
6a10e5d8-f1cd-42b0-8240-a4650efd83d6,d1c554f682ba0c8fdb0f3f46c1d2f2d9
6a10e5d8-f1cd-42b0-8240-a4650efd83d6,704df5f7f0c85d7b85eb59ec4e7c6218
6a10e5d8-f1cd-42b0-8240-a4650efd83d6,10813d794bb49a05af5e80fa8d0d4fad
6a10e5d8-f1cd-42b0-8240-a4650efd83d6,4fae10485a733ab9c2efcf62163be682
6a10e5d8-f1cd-42b0-8240-a4650efd83d6,223cc2c5239bd31bca39193d6e480699
6a10e5d8-f1cd-42b0-8240-a4650efd83d6,3ae07fb8d48928774157ea01c491ee7d
6a10e5d8-f1cd-42b0-8240-a4650efd83d6,3ad595d2c14a1217ac9fbff8d752076e
6a10e5d8-f1cd-42b0-8240-a4650efd83d6,f02b7c3210e644c07e0439120f588d7b
6a10e5d8-f1cd-42b0-8240-a4650efd83d6,98897fc6ba78dc85fa2be866c26bd139
6a10e5d8-f1cd-42b0-8240-a4650efd83d6,c632fb5a5d12a3900852d6153cd1cd94
6a10e5d8-f1cd-42b0-8240-a4650efd83d6,316f1cb6512c63c6887508cc77f43ca7
6a10e5d8-f1cd-42b0-8240-a4650efd83d6,62db44a772f6871f8df9e625ff5581e2
6a10e5d8-f1cd-42b0-8240-a4650efd83d6,0ae93eae031846d4628f3b5aa2c9c5ba
6a10e5d8-f1cd-42b0-8240-a4650efd83d6,2a900dda513aa661303e482356705c89
6a10e5d8-f1cd-42b0-8240-a4650efd83d6,f452b9338d1029b6aed7314937163747
6a10e5d8-f1cd-42b0-8240-a4650efd83d6,6dae820e0b8b4c2fa01c6290c1a3257c
6a10e5d8-f1cd-42b0-8240-a4650efd83d6,6529b1a30317e31791be2615b32576e4
6a10e5d8-f1cd-42b0-8240-a4650efd83d6,7d2183be53aa2766f2425cc030dcac5e
6a10e5d8-f1cd-42b0-8240-a4650efd83d6,b1d564fd4b55c00e3c6369084e8a0429
6a10e5d8-f1cd-42b0-8240-a4650efd83d6,69a88c1a4a19c7aff36c6d5de5a82e24
6a10e5d8-f1cd-42b0-8240-a4650efd83d6,c16d26d9a4d01ec02f831d30990e6a3c
6a10e5d8-f1cd-42b0-8240-a4650efd83d6,8cf1083676ccc5f17ab0ffb57efeecfd
6a10e5d8-f1cd-42b0-8240-a4650efd83d6,f19b25eec9a815cd86dba327f3023f26
6a10e5d8-f1cd-42b0-8240-a4650efd83d6,baf200c3e7a6c763c40a5c8bc64edc1a
6a10e5d8-f1cd-42b0-8240-a4650efd83d6,258bd46e2e21f7713f9cf0c3639921a8
6a10e5d8-f1cd-42b0-8240-a4650efd83d6,15fb9f1ecc2cdda8cc25286012d696f4
6a10e5d8-f1cd-42b0-8240-a4650efd83d6,9de17f1c8a9fa694be0a0dac1b97b633
6a10e5d8-f1cd-42b0-8240-a4650efd83d6,7bb533bb42b1a0b7a4c0bdefc296a792
6a10e5d8-f1cd-42b0-8240-a4650efd83d6,33692d556a2c9819ce4c1e52ed66f3bb
6a10e5d8-f1cd-42b0-8240-a4650efd83d6,fc0a506a2ac74ab13e0b18b692174c7c
6a10e5d8-f1cd-42b0-8240-a4650efd83d6,3ad12727198a2d01ad44525bf7b994a7
6a10e5d8-f1cd-42b0-8240-a4650efd83d6,ed9ebdbf91307f9d2a7209023a84ab55
6a10e5d8-f1cd-42b0-8240-a4650efd83d6,a7b6376d0a11d0ace0b8253eb1567cb6
6a10e5d8-f1cd-42b0-8240-a4650efd83d6,a7204c5869ed87ca220fb0db0a624e31
6a10e5d8-f1cd-42b0-8240-a4650efd83d6,fbdacf88eac51e47dc3174063244b392
6a10e5d8-f1cd-42b0-8240-a4650efd83d6,53ccce66dd5ebdb523bc84224fb5d335
6a10e5d8-f1cd-42b0-8240-a4650efd83d6,516122127951e43725f2a8d3c2373041
6a10e5d8-f1cd-42b0-8240-a4650efd83d6,a58531d223bab7343f3413d583fb1b29
6a10e5d8-f1cd-42b0-8240-a4650efd83d6,f43e9899db69ae79fc0a3eb7f57d8861
6a10e5d8-f1cd-42b0-8240-a4650efd83d6,91b0f8aeda53d9f093e7a2b2c1f2c36b
6a10e5d8-f1cd-42b0-8240-a4650efd83d6,440fb55f9e8ce51c07ba4c3bb4428987
6a10e5d8-f1cd-42b0-8240-a4650efd83d6,cb926028138a916553163d560db45ed5
6a10e5d8-f1cd-42b0-8240-a4650efd83d6,6f1557c350030155a228a1769e87dc5d
6a10e5d8-f1cd-42b0-8240-a4650efd83d6,f91deb4478f142c29a0e3f769cb30a6b
6a10e5d8-f1cd-42b0-8240-a4650efd83d6,7d9a674ff0db5e8e678a8abb623b0551
6a10e5d8-f1cd-42b0-8240-a4650efd83d6,8fa17fa630804893ca30f5bced971188
6a10e5d8-f1cd-42b0-8240-a4650efd83d6,89a59a93dd9a9fb4fc12dcee85e0abd3
6a10e5d8-f1cd-42b0-8240-a4650efd83d6,1575a7462e7845e36fbbf62e9cb82aef
6a10e5d8-f1cd-42b0-8240-a4650efd83d6,d338861295e2937ba16a253d76b9511f
6a10e5d8-f1cd-42b0-8240-a4650efd83d6,a5c017a27f39b2851efe199f6323fb07
6a10e5d8-f1cd-42b0-8240-a4650efd83d6,fc7e81a425f4737bb9f48ad5e773f6e1
6a10e5d8-f1cd-42b0-8240-a4650efd83d6,8f469bad521b4d0b9fe38349caddc92e
6a10e5d8-f1cd-42b0-8240-a4650efd83d6,b43890f67d60d9c61a5c887d45452043
6a10e5d8-f1cd-42b0-8240-a4650efd83d6,ab8f3993d0dff3d6e01602292bc1b544
6a10e5d8-f1cd-42b0-8240-a4650efd83d6,f8b246504af13fa80f7214a11f4b18c8
6a10e5d8-f1cd-42b0-8240-a4650efd83d6,0fd52f0ff6375ab3bbc11ec1b93c35dd
6a10e5d8-f1cd-42b0-8240-a4650efd83d6,41334c89c711c6a56e146ad4be9aa441
6a10e5d8-f1cd-42b0-8240-a4650efd83d6,afe97224bd266d57b969a35731fa921b
6a10e5d8-f1cd-42b0-8240-a4650efd83d6,4ebd4d23b4c5de93d85bba222abbd57c
6a10e5d8-f1cd-42b0-8240-a4650efd83d6,53781395819c12b2471c26ebb81d17ee
6a10e5d8-f1cd-42b0-8240-a4650efd83d6,2006d53797679d305e63260209701716
6a10e5d8-f1cd-42b0-8240-a4650efd83d6,bcf40e572ef12dba6a597a986e8df9aa
6a10e5d8-f1cd-42b0-8240-a4650efd83d6,a9925b789b85563457dd7a21a662659c
6a10e5d8-f1cd-42b0-8240-a4650efd83d6,59128f918347654e20e7f10fc0eb20f1
6a10e5d8-f1cd-42b0-8240-a4650efd83d6,3d1e72150a29f1a51adc8921254ee840
6a10e5d8-f1cd-42b0-8240-a4650efd83d6,073b7df32286ffad8ecb22605fa51958
6a10e5d8-f1cd-42b0-8240-a4650efd83d6,26b3dc1bbf75408d0fe3e40bceceeaae
6a10e5d8-f1cd-42b0-8240-a4650efd83d6,140db52077379d8e08433128cdd0b05d
6a10e5d8-f1cd-42b0-8240-a4650efd83d6,d08907b7a431ab3545d55a0186ce69cf
6a10e5d8-f1cd-42b0-8240-a4650efd83d6,7b76c40b30eebbd29787d0f846447dd8
6a10e5d8-f1cd-42b0-8240-a4650efd83d6,f1622508d1e10dc4d00a9cb41c792cf8
6a10e5d8-f1cd-42b0-8240-a4650efd83d6,cc434429d5821b03ae32272063c3dd7f
6a10e5d8-f1cd-42b0-8240-a4650efd83d6,833a68e2623dc4ffec17117e7be59cdd
6a10e5d8-f1cd-42b0-8240-a4650efd83d6,9bea4ca130df2e2e7308491d3c8206d2
6a10e5d8-f1cd-42b0-8240-a4650efd83d6,d7b42a4ef169991f025e48eff10aae27
6a10e5d8-f1cd-42b0-8240-a4650efd83d6,f8d6c8a483c5353cc12086c8b082c8df
6a10e5d8-f1cd-42b0-8240-a4650efd83d6,1a8f525ecb81bd4ca1d2344223a8257a
6a10e5d8-f1cd-42b0-8240-a4650efd83d6,209dd854c4d44307d9d34c210b204ad4
6a10e5d8-f1cd-42b0-8240-a4650efd83d6,fd13e4f3ce010be3dbcf212634f29fdd
6a10e5d8-f1cd-42b0-8240-a4650efd83d6,fefca35b64f94ed5feee17118c4eb83e
6a10e5d8-f1cd-42b0-8240-a4650efd83d6,db63a71bfa44cf9f5c6d1702bbd9885c
6a10e5d8-f1cd-42b0-8240-a4650efd83d6,ea429325acbe2eea763a2f283e80daa2
6a10e5d8-f1cd-42b0-8240-a4650efd83d6,426b8c6d6eb0ff1d495146af96a226d6
6a10e5d8-f1cd-42b0-8240-a4650efd83d6,00ee0ec3d8f25f9b71986249fd450695
6a10e5d8-f1cd-42b0-8240-a4650efd83d6,fecf4791b0d8af399ddd6ce13c05586b
6a10e5d8-f1cd-42b0-8240-a4650efd83d6,ae3d015595175dca1694a1cedb07c41f
6a10e5d8-f1cd-42b0-8240-a4650efd83d6,c2bb9714a06c663314c9e6cdd6ded635
6a10e5d8-f1cd-42b0-8240-a4650efd83d6,3abc56fa35cc5cafdf0eea2b53ddbbb1
6a10e5d8-f1cd-42b0-8240-a4650efd83d6,7c0e21aa08cf87377e006d62bdbb1459
6a10e5d8-f1cd-42b0-8240-a4650efd83d6,fb3d66cecd1d3689668ffbc96a03287e
6a10e5d8-f1cd-42b0-8240-a4650efd83d6,8194e2199acf5c1ff7ffa6a29969c2aa
6a10e5d8-f1cd-42b0-8240-a4650efd83d6,b97650547f2ab4e4c7eb8bb9bebc3709
6a10e5d8-f1cd-42b0-8240-a4650efd83d6,fd9679507486cfffec840a08c22b341c
6a10e5d8-f1cd-42b0-8240-a4650efd83d6,4c53a2c58cfe2ef14df7cd1f3814488a
6a10e5d8-f1cd-42b0-8240-a4650efd83d6,80c8c795c5642720afae40f7f0262950
6a10e5d8-f1cd-42b0-8240-a4650efd83d6,e82e2c187ac6a24c827e2e7fa1fe9423
6a10e5d8-f1cd-42b0-8240-a4650efd83d6,835d576d1f01f8da4bde2505159b89b7
6a10e5d8-f1cd-42b0-8240-a4650efd83d6,c9c1311a48a209103c66b4b1963901a6
6a10e5d8-f1cd-42b0-8240-a4650efd83d6,0e4b0b8c90dd6437ab0dc45bc7eddb84
6a10e5d8-f1cd-42b0-8240-a4650efd83d6,c38effb64906155fc8a194dd3ab090ad
6a10e5d8-f1cd-42b0-8240-a4650efd83d6,bd215b4fa69886f728ba818ddd65b58c
6a10e5d8-f1cd-42b0-8240-a4650efd83d6,2239046bb56b789bef97c45555331f26
6a10e5d8-f1cd-42b0-8240-a4650efd83d6,c9d50a1eb4ac3a44317513aa680b8385
6a10e5d8-f1cd-42b0-8240-a4650efd83d6,fbe194b2d192e01d61114ebae54ce84c
6a10e5d8-f1cd-42b0-8240-a4650efd83d6,cd78d6d207d8c5a3df08fd34dee56ffc
6a10e5d8-f1cd-42b0-8240-a4650efd83d6,bf1062d3c672656526d3c7ccb66980f9
6a10e5d8-f1cd-42b0-8240-a4650efd83d6,62d6aa3027fa8e9de03a1d8b0088e82e
6a10e5d8-f1cd-42b0-8240-a4650efd83d6,87de31f8f23a26bfb54f6427bb712c3b
6a10e5d8-f1cd-42b0-8240-a4650efd83d6,65c3f3e48bc284dcedb96d8f914b5e1b
6a10e5d8-f1cd-42b0-8240-a4650efd83d6,b8042db7fbb19d0f31d203c6fa668ec6
6a10e5d8-f1cd-42b0-8240-a4650efd83d6,2a83bca937071fa614ea0dd6aeed3371
6a10e5d8-f1cd-42b0-8240-a4650efd83d6,ba1fe5c7afe71ace43b77097386a78ba
6a10e5d8-f1cd-42b0-8240-a4650efd83d6,e564095bf522c02abff7a10b7a434dc4
6a10e5d8-f1cd-42b0-8240-a4650efd83d6,fc22366ae3bd4caee04c73bf1e35a8ab
6a10e5d8-f1cd-42b0-8240-a4650efd83d6,9e5c07a87ae5ebb91caa3550644e25b6
6a10e5d8-f1cd-42b0-8240-a4650efd83d6,fe9b70eaad6bf23a3bb6dc3355a3fd3e
6a10e5d8-f1cd-42b0-8240-a4650efd83d6,c12bd8e6ade6afd0fc8421d82f776037
6a10e5d8-f1cd-42b0-8240-a4650efd83d6,c2af52dab6adb4230c087ac8524447e6
6a10e5d8-f1cd-42b0-8240-a4650efd83d6,a63dd131e43d4e5ef1d428ad20219192
6a10e5d8-f1cd-42b0-8240-a4650efd83d6,f2d1c2e1a0411d160dcb6181ac17455f
6a10e5d8-f1cd-42b0-8240-a4650efd83d6,f9a6b780b7ad0a9c43eb39947b1d8d16
6a10e5d8-f1cd-42b0-8240-a4650efd83d6,81bf4fdd0fb14c6ad7f0799334ad84c5
6a10e5d8-f1cd-42b0-8240-a4650efd83d6,14114c952538db03bd15e233352469e5
6a10e5d8-f1cd-42b0-8240-a4650efd83d6,5b40563087cfedfe77575e0751cd3871
6a10e5d8-f1cd-42b0-8240-a4650efd83d6,65b85a292e7f27bf108982be31f5cd64
6a10e5d8-f1cd-42b0-8240-a4650efd83d6,b25491fc369e0a38f4fa3c3797ea0aaa
6a10e5d8-f1cd-42b0-8240-a4650efd83d6,1cf8617888182183738e64a05d36030d
6a10e5d8-f1cd-42b0-8240-a4650efd83d6,474a92644292347d4301c29b311124fe
6a10e5d8-f1cd-42b0-8240-a4650efd83d6,592a86ad88cf3806afba9cf096baf4d2
6a10e5d8-f1cd-42b0-8240-a4650efd83d6,248ec7dfb49c997dc093d91d0b312cbe
6a10e5d8-f1cd-42b0-8240-a4650efd83d6,1d4e5231b5dbaa6138a6faeb4360404a
6a10e5d8-f1cd-42b0-8240-a4650efd83d6,13a4e228a62ee6ac223c90f8defc2da7
6a10e5d8-f1cd-42b0-8240-a4650efd83d6,dba856475c47a263316234d123cd20ec
6a10e5d8-f1cd-42b0-8240-a4650efd83d6,2977414b55ab2ddb227343eb7c529c1c
6a10e5d8-f1cd-42b0-8240-a4650efd83d6,78eccd6d74f352478a6d403161d7a335
6a10e5d8-f1cd-42b0-8240-a4650efd83d6,31b62e951fe5386f1296b66f5bb2db8f
6a10e5d8-f1cd-42b0-8240-a4650efd83d6,a37e4fda41b8a6edd6724a5ee887d8af
6a10e5d8-f1cd-42b0-8240-a4650efd83d6,1694e31e23402405028c1a2fdba43d75
6a10e5d8-f1cd-42b0-8240-a4650efd83d6,643c642722c4186f05e299e6a090a7b9
6a10e5d8-f1cd-42b0-8240-a4650efd83d6,43cb645795502a37e859e93598370422
6a10e5d8-f1cd-42b0-8240-a4650efd83d6,466a1c7db6b4b4613ce4cc23db4397dd
6a10e5d8-f1cd-42b0-8240-a4650efd83d6,04b118b681bfb8db27f1aad29ff50242
6a10e5d8-f1cd-42b0-8240-a4650efd83d6,d9a081855a8eea9626c39714792b2297
6a10e5d8-f1cd-42b0-8240-a4650efd83d6,50923feed0ac1597dd624f5bb5a42d39
6a10e5d8-f1cd-42b0-8240-a4650efd83d6,7d1f67a9aee7b9408a8fb2f208781c49
6a10e5d8-f1cd-42b0-8240-a4650efd83d6,6de5b44a901ba2df59e65614d4c3331c
6a10e5d8-f1cd-42b0-8240-a4650efd83d6,75259a7499ee9518d249d1fba6f08593
6a10e5d8-f1cd-42b0-8240-a4650efd83d6,cb4cfa27c5ab9018bdff59a97a1b53dd
6a10e5d8-f1cd-42b0-8240-a4650efd83d6,bdbb2f45cda750e67537d948dd8c1606
6a10e5d8-f1cd-42b0-8240-a4650efd83d6,bf3b7259d1ab971f44f07d9abec12503
6a10e5d8-f1cd-42b0-8240-a4650efd83d6,2385345379a65dc4420cef3239f59801
6a10e5d8-f1cd-42b0-8240-a4650efd83d6,c99043c71c2e459ad8516b93a3001cd3
6a10e5d8-f1cd-42b0-8240-a4650efd83d6,a8d6e87879c7806f9912b57f63e98138
6a10e5d8-f1cd-42b0-8240-a4650efd83d6,54f7a13c106a99700c114109d66cb120
6a10e5d8-f1cd-42b0-8240-a4650efd83d6,64cd131a0ebcf47f84e522a2a635d39e
6a10e5d8-f1cd-42b0-8240-a4650efd83d6,b524e64e4d6966fcccc2d1fcea47e3a7
6a10e5d8-f1cd-42b0-8240-a4650efd83d6,5c283e3877657ea39cb4ff62f993d939
6a10e5d8-f1cd-42b0-8240-a4650efd83d6,7f8e488a225b91a9213368430e134e32
6a10e5d8-f1cd-42b0-8240-a4650efd83d6,6b084868841c143d8761f8dca25c42f9
6a10e5d8-f1cd-42b0-8240-a4650efd83d6,fee275e444411700eb7352ee349121c3
6a10e5d8-f1cd-42b0-8240-a4650efd83d6,146810a2a59ea97988ff6eb90e771e08
6a10e5d8-f1cd-42b0-8240-a4650efd83d6,0d290b44f35efa44b9cb38233e069cae
6a10e5d8-f1cd-42b0-8240-a4650efd83d6,7f328f1f217a6591fa02503395b3dd28
6a10e5d8-f1cd-42b0-8240-a4650efd83d6,083b2c69d120badc81a9a8371ed19bbb
6a10e5d8-f1cd-42b0-8240-a4650efd83d6,3b7e15681c286134c3eb809d023af079
6a10e5d8-f1cd-42b0-8240-a4650efd83d6,a2325ff431cbb6567bd8c7febf640771
6a10e5d8-f1cd-42b0-8240-a4650efd83d6,2940339eb8bd7fa78da3d60bdfd523ee
6a10e5d8-f1cd-42b0-8240-a4650efd83d6,5614aaa7436dc9cb0a172e88187771bf
6a10e5d8-f1cd-42b0-8240-a4650efd83d6,f5f6e4dd686d80148f03b496631e8ce5
6a10e5d8-f1cd-42b0-8240-a4650efd83d6,2f6c6d15dca5cbc9fec22b436639d6a7
6a10e5d8-f1cd-42b0-8240-a4650efd83d6,9b3a7dabe6113fc59b9782b7791da92e
6a10e5d8-f1cd-42b0-8240-a4650efd83d6,4a1b15e671c429abe5b71da9902346d8
6a10e5d8-f1cd-42b0-8240-a4650efd83d6,7921954437c2c553c3d0adfd16ed18a2
6a10e5d8-f1cd-42b0-8240-a4650efd83d6,46b02b3d2deba15d5cc67b1c7832e93e
6a10e5d8-f1cd-42b0-8240-a4650efd83d6,ef51f30dc405d61ee8b68e0b7ee0fd67
6a10e5d8-f1cd-42b0-8240-a4650efd83d6,bb7bb4a1127b6d9713b1f6f45123dcdb
6a10e5d8-f1cd-42b0-8240-a4650efd83d6,67a9b342b60fde868275ed6f3df4f9cc
6a10e5d8-f1cd-42b0-8240-a4650efd83d6,5bad6142c00ce928189cdfb40969b239
6a10e5d8-f1cd-42b0-8240-a4650efd83d6,d99ec8429a5ed7385a1b543705d0a5d3
6a10e5d8-f1cd-42b0-8240-a4650efd83d6,eb1c339ea59492ada375071cf14902ce
6a10e5d8-f1cd-42b0-8240-a4650efd83d6,11e73f92c45a020a6a5caddb5c75e868
6a10e5d8-f1cd-42b0-8240-a4650efd83d6,e5035f80f16473ef18e9a6a100d863ee
6a10e5d8-f1cd-42b0-8240-a4650efd83d6,21562523c867c86971fdda25b49b8706
6a10e5d8-f1cd-42b0-8240-a4650efd83d6,82fbb7bccd273ced13be533283ac9255
6a10e5d8-f1cd-42b0-8240-a4650efd83d6,0d395a0fbfc085fa883a49e406ad431a
6a10e5d8-f1cd-42b0-8240-a4650efd83d6,e014f4b826e68691748bedbc6eb57d7a
6a10e5d8-f1cd-42b0-8240-a4650efd83d6,95c0cbbb3b6fa100a75828cd02ca3254
6a10e5d8-f1cd-42b0-8240-a4650efd83d6,ae53c22b06a1dd9fa55854b58de449c8
6a10e5d8-f1cd-42b0-8240-a4650efd83d6,c4afe511c37ad2ce172e279a9fe7f9de
6a10e5d8-f1cd-42b0-8240-a4650efd83d6,a2a7450d5f90b1468cb71160843bb41d
6a10e5d8-f1cd-42b0-8240-a4650efd83d6,85cb7fe837c8d370d721ba3716fced43
6a10e5d8-f1cd-42b0-8240-a4650efd83d6,e93173d165963f618e50e210921c942a
6a10e5d8-f1cd-42b0-8240-a4650efd83d6,267cf622720493014a38ff670d87b1d9
6a10e5d8-f1cd-42b0-8240-a4650efd83d6,8bba30076def2f6330c3cb26570b0cd2
6a10e5d8-f1cd-42b0-8240-a4650efd83d6,d3bdff32872db44bdb23ac038caab719
6a10e5d8-f1cd-42b0-8240-a4650efd83d6,977c7800910aec53a66c4577449d8fab
6a10e5d8-f1cd-42b0-8240-a4650efd83d6,d4f62ff9d47ef078ee0ffaf2efd31be4
6a10e5d8-f1cd-42b0-8240-a4650efd83d6,427d0cc4a716cf83c0ea6f661fe00ff7
8f09de10-6867-45c6-814d-3d91a33d3af7,335ba55e09dd2520e7535af6c0b23a65
8f09de10-6867-45c6-814d-3d91a33d3af7,3e466bf3f4a6b5d184ae2839dd97be0f
8f09de10-6867-45c6-814d-3d91a33d3af7,0198dde026108de1cb88a770f38e5e71
8f09de10-6867-45c6-814d-3d91a33d3af7,6b8bc90b32f44f2e1dff0ab300ea0444
8f09de10-6867-45c6-814d-3d91a33d3af7,91e38125a14db57623248edd454e95db
8f09de10-6867-45c6-814d-3d91a33d3af7,15c3648e8bf8f60e2be69da3823f0093
8f09de10-6867-45c6-814d-3d91a33d3af7,6204397294bac2edf2136bb551bf41bc
8f09de10-6867-45c6-814d-3d91a33d3af7,7248af3d18f5c6beaf02a77c2ef00edb
8f09de10-6867-45c6-814d-3d91a33d3af7,0a722dea0c10865671cdcb65508d3394
8f09de10-6867-45c6-814d-3d91a33d3af7,9bb7ead2c808dc2253f22f48ae6c4eb1
8f09de10-6867-45c6-814d-3d91a33d3af7,89d05bf5a3cc7bbddf507c45fedf80ac
8f09de10-6867-45c6-814d-3d91a33d3af7,cf35f3187321e8dc168eed3fcdcb5751
8f09de10-6867-45c6-814d-3d91a33d3af7,35b712f4322116dc393110081bb5f954
8f09de10-6867-45c6-814d-3d91a33d3af7,127a26b89d537e804df3f846d73621ee
8f09de10-6867-45c6-814d-3d91a33d3af7,2ec57cc7538a896d836486abc0c679b2
8f09de10-6867-45c6-814d-3d91a33d3af7,b618c613c79c70edada2498ad0241b8b
8f09de10-6867-45c6-814d-3d91a33d3af7,9b635ec3b87cc589a59b6686e178cad4
8f09de10-6867-45c6-814d-3d91a33d3af7,37c464bca5afa07f4ccbda3b2c8a77cd
8f09de10-6867-45c6-814d-3d91a33d3af7,9cc1d7b17fd476f70fa74a97c49e3ae9
8f09de10-6867-45c6-814d-3d91a33d3af7,2d7129d521f61aa9c636a10b7ba1ca53
8f09de10-6867-45c6-814d-3d91a33d3af7,c1c3cb60549f9d2ffcc19e0e7464f649
8f09de10-6867-45c6-814d-3d91a33d3af7,f27bbf14166e3495f43cbd2efd72fbf6
8f09de10-6867-45c6-814d-3d91a33d3af7,baf70c7940b83c8b2de2bf6619ec7cb7
8f09de10-6867-45c6-814d-3d91a33d3af7,8e549f9f6f1a2b4aa02d75aecb07eef0
8f09de10-6867-45c6-814d-3d91a33d3af7,24dd3ef2aa42b6d52cedb09789f8aeff
8f09de10-6867-45c6-814d-3d91a33d3af7,d43f5a6a75084ec7fa54b86801e507fc
8f09de10-6867-45c6-814d-3d91a33d3af7,f5ce02c4e4503633cba7d43659d5e962
8f09de10-6867-45c6-814d-3d91a33d3af7,dffe688dd3552d8f2aa65bd1912a212e
8f09de10-6867-45c6-814d-3d91a33d3af7,266c563ead8928d454a5a39c5deb1e67
8f09de10-6867-45c6-814d-3d91a33d3af7,e0bcac755905af36128ff54de8986d7d
8f09de10-6867-45c6-814d-3d91a33d3af7,153a1d7760acf8fc153f0fe5e7a6ffd5
8f09de10-6867-45c6-814d-3d91a33d3af7,b42f77ef5533a60a8ee4d88669938f93
8f09de10-6867-45c6-814d-3d91a33d3af7,071fd46ba0a8f3ab06aafa70446ac089
8f09de10-6867-45c6-814d-3d91a33d3af7,8549defad1c452a5648b2ea4bd792ff4
8f09de10-6867-45c6-814d-3d91a33d3af7,c6b2a141ae12b1917b18741c5a4a8a0c
8f09de10-6867-45c6-814d-3d91a33d3af7,52f45c163933ee5e84f965d20e05c4af
8f09de10-6867-45c6-814d-3d91a33d3af7,15a0d582fa47410c0488b6e091e2f5fa
8f09de10-6867-45c6-814d-3d91a33d3af7,a1f939ed2d09e2fcabd7af055aaa9da0
8f09de10-6867-45c6-814d-3d91a33d3af7,674d24bc3e071e71dbbac9c2b0c62f25
8f09de10-6867-45c6-814d-3d91a33d3af7,253e6ca97d871cb5c21893c437333d2c
8f09de10-6867-45c6-814d-3d91a33d3af7,23c30952772b1cefc3d25eed6ff029bc
8f09de10-6867-45c6-814d-3d91a33d3af7,2d6ac831d3b650af4a6a099084ff4a9c
8f09de10-6867-45c6-814d-3d91a33d3af7,536c48a15579f531ecb46da8ac03f0cb
8f09de10-6867-45c6-814d-3d91a33d3af7,51fea4f104081428bfadebd812e01332
8f09de10-6867-45c6-814d-3d91a33d3af7,1527b5a43067f3073fbbadff030cfb98
8f09de10-6867-45c6-814d-3d91a33d3af7,608e51b526ab0c243fdb699cc5b77ec1
8f09de10-6867-45c6-814d-3d91a33d3af7,409cb6b0a48e9ef11f025c697cbdb0ea
8f09de10-6867-45c6-814d-3d91a33d3af7,045cd1bc766d2d7f16f2e487d13c3c20
8f09de10-6867-45c6-814d-3d91a33d3af7,c19504ece54a67c328986435000b053f
8f09de10-6867-45c6-814d-3d91a33d3af7,030549081792d74c3f4084b246455683
8f09de10-6867-45c6-814d-3d91a33d3af7,fb0ada36e2a45313a39b4cfee72cb30c
8f09de10-6867-45c6-814d-3d91a33d3af7,3817a97c006f72842a01f532dd5d019f
8f09de10-6867-45c6-814d-3d91a33d3af7,8a91e4a3f42ffb9abf2eb301a72d5132
8f09de10-6867-45c6-814d-3d91a33d3af7,e8e86913b5b14748312656e860957b98
8f09de10-6867-45c6-814d-3d91a33d3af7,1ddab7059f4a523b8c6d0f9313269a09
8f09de10-6867-45c6-814d-3d91a33d3af7,06de40deb55694e737a7f8df4997412a
8f09de10-6867-45c6-814d-3d91a33d3af7,2d93c86644b0fab96fffd704a114f7ad
8f09de10-6867-45c6-814d-3d91a33d3af7,1d5f2e60412a290abc9ea01a395470ce
8f09de10-6867-45c6-814d-3d91a33d3af7,7b840a25660f7aec3ab6ab5b8fddcaef
8f09de10-6867-45c6-814d-3d91a33d3af7,b609847e7892820a0a6e2e1bc755b0a7
8f09de10-6867-45c6-814d-3d91a33d3af7,bd8c14adc57acc00fb3295d1c12794ad
8f09de10-6867-45c6-814d-3d91a33d3af7,f75f39a19d181d0f44038691c1a2d769
8f09de10-6867-45c6-814d-3d91a33d3af7,b0a0b8b6ed5025d33697447d33ecde84
8f09de10-6867-45c6-814d-3d91a33d3af7,9ef94230600b697d1a3eb1ebe1907427
8f09de10-6867-45c6-814d-3d91a33d3af7,48aee13559a503460943ada1a70b009b
8f09de10-6867-45c6-814d-3d91a33d3af7,4ff12bee02e7bd748282e2e3986afda1
8f09de10-6867-45c6-814d-3d91a33d3af7,358970c2ab9f42b6bf88aae42b905be0
8f09de10-6867-45c6-814d-3d91a33d3af7,88315d55cc6d21fbb7b2f0174d3cef7c
8f09de10-6867-45c6-814d-3d91a33d3af7,d29cdf02eb152248f4f1e5bc3a75232f
8f09de10-6867-45c6-814d-3d91a33d3af7,fe2add5290c68d3047c4c9828c662277
8f09de10-6867-45c6-814d-3d91a33d3af7,d7f72147c89495201ecc03e3a588fd94
8f09de10-6867-45c6-814d-3d91a33d3af7,9464669a257cdb2426c60647c0c47189
8f09de10-6867-45c6-814d-3d91a33d3af7,7e1fb524a478c0fb97881797b7b8e2eb
8f09de10-6867-45c6-814d-3d91a33d3af7,a378913cc7abf42dc5d60f47b2fe548e
8f09de10-6867-45c6-814d-3d91a33d3af7,101e2d9c4ed8d7f225572db72055942a
8f09de10-6867-45c6-814d-3d91a33d3af7,5700c01cf1bb3d34415d7e6fe8cf2247
8f09de10-6867-45c6-814d-3d91a33d3af7,e23c95fff8b7399042b20d0bc45d0b83
8f09de10-6867-45c6-814d-3d91a33d3af7,38e223b453a8b2bc44a9e5f542e51fb4
8f09de10-6867-45c6-814d-3d91a33d3af7,29caf4f30a809fc77fcbf6c2520beb36
8f09de10-6867-45c6-814d-3d91a33d3af7,9f5d797823665c03bddab24cfac8f155
8f09de10-6867-45c6-814d-3d91a33d3af7,314cf5330aa5aa5daa829aad235bd1d7
8f09de10-6867-45c6-814d-3d91a33d3af7,1c2701b4d076ff51b2d7249e3b895779
8f09de10-6867-45c6-814d-3d91a33d3af7,c6226700c6f7ccce49387aaaf2a4dfd8
8f09de10-6867-45c6-814d-3d91a33d3af7,9053b9ecfb5d44ef59a5f94bc974b368
8f09de10-6867-45c6-814d-3d91a33d3af7,40de267491660866cc15a11fe83b3d5a
8f09de10-6867-45c6-814d-3d91a33d3af7,df09699dd348c1287965f76b5726cc51
8f09de10-6867-45c6-814d-3d91a33d3af7,a77e4b91044b161ad9ddeb4b0d95765f
8f09de10-6867-45c6-814d-3d91a33d3af7,c96c87727ffc7081bf8679631daaf708
8f09de10-6867-45c6-814d-3d91a33d3af7,202d50b154568b1c37c059dcfc7cc4b1
8f09de10-6867-45c6-814d-3d91a33d3af7,224a0813064d87c9a8b973defa750865
8f09de10-6867-45c6-814d-3d91a33d3af7,61a9529575d242ff12da9d7478bad11a
8f09de10-6867-45c6-814d-3d91a33d3af7,a7c8382891417899b971a3abd355ecf3
8f09de10-6867-45c6-814d-3d91a33d3af7,d8254dd688deade1664fe427e01bb7c2
8f09de10-6867-45c6-814d-3d91a33d3af7,d8e02df0e830455c348df46e21db3df5
8f09de10-6867-45c6-814d-3d91a33d3af7,764f499a0fa390eca16ef10b56a53589
8f09de10-6867-45c6-814d-3d91a33d3af7,9222d15884dd16fb7b37acee518d7c5c
8f09de10-6867-45c6-814d-3d91a33d3af7,589700bfdd0ac50c49aa2e2080ca03ea
8f09de10-6867-45c6-814d-3d91a33d3af7,95a94553b45c0849ea94e5476b74db8f
8f09de10-6867-45c6-814d-3d91a33d3af7,8fea5102924b507dc58340405bddfae5
8f09de10-6867-45c6-814d-3d91a33d3af7,54ad525b93a1bc049f39a099ee3ee05c
8f09de10-6867-45c6-814d-3d91a33d3af7,1b086a361c39c2fa8041a9dd587afa0c
8f09de10-6867-45c6-814d-3d91a33d3af7,02e780d2ea6088a1d23ec6f4df256cfc
8f09de10-6867-45c6-814d-3d91a33d3af7,e98e3a1443da55846f79f2e04afaa30a
8f09de10-6867-45c6-814d-3d91a33d3af7,ea1b1a6ad301ecd7982df3b21eca3ccb
8f09de10-6867-45c6-814d-3d91a33d3af7,df582e010d708c15fcd4a3d23dca5fb1
8f09de10-6867-45c6-814d-3d91a33d3af7,5e6456522933f799e684524109d33ca8
8f09de10-6867-45c6-814d-3d91a33d3af7,f834db7488ac34ee790d01d726c23274
8f09de10-6867-45c6-814d-3d91a33d3af7,16cf947b7677099cdbaaf4c15142a9cc
8f09de10-6867-45c6-814d-3d91a33d3af7,986871abd5dc1998ed23e41b2989de4e
8f09de10-6867-45c6-814d-3d91a33d3af7,2eff3060a67a9e0984039237241ebd84
8f09de10-6867-45c6-814d-3d91a33d3af7,806f3ebc097bf8f703ce5332c6ba8c45
8f09de10-6867-45c6-814d-3d91a33d3af7,c6b6111fd4795f4395d2c5bcfc388daa
8f09de10-6867-45c6-814d-3d91a33d3af7,478cfcd0ef17afdc61731e4e0efc168e
8f09de10-6867-45c6-814d-3d91a33d3af7,b2c233549c3c67ea893abfaed7ed3652
8f09de10-6867-45c6-814d-3d91a33d3af7,53a1d3416c1fdc05c38b05d53b0211cb
8f09de10-6867-45c6-814d-3d91a33d3af7,dff23115e4f3270567216b90dc194866
8f09de10-6867-45c6-814d-3d91a33d3af7,fe316988a00e1fb2a4d004fa8a9f057e
8f09de10-6867-45c6-814d-3d91a33d3af7,c14ff2c2cb9a84ea03a5ed7ded0acf8e
8f09de10-6867-45c6-814d-3d91a33d3af7,d47b27bc82d65557d5f148e5df6874d0
8f09de10-6867-45c6-814d-3d91a33d3af7,3ef507b4764e160031d5b84500f39fec
8f09de10-6867-45c6-814d-3d91a33d3af7,4b751a5839f832df1c6a8fee16148324
8f09de10-6867-45c6-814d-3d91a33d3af7,af394a608de3448b197948eac6312b65
8f09de10-6867-45c6-814d-3d91a33d3af7,754e4c1b9f1d67d352e1b848db90c58f
8f09de10-6867-45c6-814d-3d91a33d3af7,2ea0bf57afdafa5c8572d968b88ad19f
8f09de10-6867-45c6-814d-3d91a33d3af7,f213f0877427deee2cd705fe51c473ee
8f09de10-6867-45c6-814d-3d91a33d3af7,8c01104f0e3453f8398f3602355dbc76
8f09de10-6867-45c6-814d-3d91a33d3af7,faf55a59e75031b6cb4ec6e7d9bc1956
8f09de10-6867-45c6-814d-3d91a33d3af7,a427cbe1c71150a73bc7611f33ec5757
8f09de10-6867-45c6-814d-3d91a33d3af7,d841a24c5e284c4ccf77463d782ed032
8f09de10-6867-45c6-814d-3d91a33d3af7,18c2c8ca5472f1a5581757880305bb83
8f09de10-6867-45c6-814d-3d91a33d3af7,2a563c93d2c7f349b209de427e5115a1
8f09de10-6867-45c6-814d-3d91a33d3af7,71cf897c9f347c684a57ccf75e60cea3
8f09de10-6867-45c6-814d-3d91a33d3af7,2fe0c65338851bf1a5337d0835f6654a
8f09de10-6867-45c6-814d-3d91a33d3af7,47abcd97089924e0ce968c8ba9b54d9d
8f09de10-6867-45c6-814d-3d91a33d3af7,f4d8d18e7db361ddeeef595e4df9bc6e
8f09de10-6867-45c6-814d-3d91a33d3af7,a22c291ce1f4dbcfcbdb1d99c27250c4
8f09de10-6867-45c6-814d-3d91a33d3af7,f95eb64bce6b25ea205c3d3ebb99c0b0
8f09de10-6867-45c6-814d-3d91a33d3af7,a67543481b6e4d6247ca9fad05dde6ff
8f09de10-6867-45c6-814d-3d91a33d3af7,0a38de9aae822bb7a9a8d43af77c05ce
8f09de10-6867-45c6-814d-3d91a33d3af7,c77b46b38089bac23d712de93b4f707d
8f09de10-6867-45c6-814d-3d91a33d3af7,56e4f749df264e8f4cb376ef7dc9ca81
8f09de10-6867-45c6-814d-3d91a33d3af7,5d9da99b66c2f91ee177232af65b9483
8f09de10-6867-45c6-814d-3d91a33d3af7,57b44b0ce22e77f15f6da435cc4be6a4
8f09de10-6867-45c6-814d-3d91a33d3af7,2da1221b0f6b3659d4584d558475d39e
8f09de10-6867-45c6-814d-3d91a33d3af7,fdefa8c5ef8b81e9022dd25d69de28d9
8f09de10-6867-45c6-814d-3d91a33d3af7,9567d487ee1dfad47b9d7cd57e682d6e
8f09de10-6867-45c6-814d-3d91a33d3af7,3d0f026daf72a22282f1e8313c666f83
8f09de10-6867-45c6-814d-3d91a33d3af7,171111085100a71d84d8b8da46f24317
8f09de10-6867-45c6-814d-3d91a33d3af7,c90196742a736a31f074c7374e25902a
8f09de10-6867-45c6-814d-3d91a33d3af7,738a99b68b3c551cfd4b29e1c8e6a2b4
8f09de10-6867-45c6-814d-3d91a33d3af7,caaf2af830fe1b43dbbd2168da067682
8f09de10-6867-45c6-814d-3d91a33d3af7,213060789024e4f8e3c3669e8496b122
8f09de10-6867-45c6-814d-3d91a33d3af7,8bc588569345faaff2295080a8506dee
8f09de10-6867-45c6-814d-3d91a33d3af7,0394446b4705dd97650dd6f942148a5b
8f09de10-6867-45c6-814d-3d91a33d3af7,e56f446ef0080f8822f2e925d89011e1
8f09de10-6867-45c6-814d-3d91a33d3af7,f57d9e0d9c004083aaa19162d696cc80
8f09de10-6867-45c6-814d-3d91a33d3af7,ae3d80c2b641356e018107e5f7d774a2
8f09de10-6867-45c6-814d-3d91a33d3af7,a80565bf1096f6418d47076b72bff8fc
8f09de10-6867-45c6-814d-3d91a33d3af7,6d48164b222ce8473dccd04f907d5d88
8f09de10-6867-45c6-814d-3d91a33d3af7,3b9b5fef9dabe122395e9a8dde3b627b
8f09de10-6867-45c6-814d-3d91a33d3af7,45e5e8e52d7e6587a2f2d21232df7661
8f09de10-6867-45c6-814d-3d91a33d3af7,e0b8d0bcdbf2d301177c78d5da13d141
8f09de10-6867-45c6-814d-3d91a33d3af7,df8ca2739977090f85a8940dcc4e0a0f
8f09de10-6867-45c6-814d-3d91a33d3af7,62c7a29264313279f38b9f99e3104ff9
8f09de10-6867-45c6-814d-3d91a33d3af7,1bace45acd5d0452834e1a079457da4a
8f09de10-6867-45c6-814d-3d91a33d3af7,3c7abb5669024169dc66fe0da196b2ca
8f09de10-6867-45c6-814d-3d91a33d3af7,f0aa4dfe558f20787302e59deac2c91f
8f09de10-6867-45c6-814d-3d91a33d3af7,31d213a9d8352f2ad0868a6411e6b6b3
8f09de10-6867-45c6-814d-3d91a33d3af7,ff24d8f3fb92c5ff8daf4a00f77f54bd
8f09de10-6867-45c6-814d-3d91a33d3af7,a92439f875c61a5ea5826c8cc4be41e9
8f09de10-6867-45c6-814d-3d91a33d3af7,b41356053668a041096dbee6ebfa1325
8f09de10-6867-45c6-814d-3d91a33d3af7,f967b8dc7f287a7b52256b2280031f82
8f09de10-6867-45c6-814d-3d91a33d3af7,5a19d3b322d9987b3442804cc1ea2cee
8f09de10-6867-45c6-814d-3d91a33d3af7,03b8e8c8aec967554e1fa979d716695c
8f09de10-6867-45c6-814d-3d91a33d3af7,7bf80954356032c84226e3b16a5742cb
8f09de10-6867-45c6-814d-3d91a33d3af7,a7333cdc69ce8282ac34951135778dd3
8f09de10-6867-45c6-814d-3d91a33d3af7,911fa915ab87174c8eb4634dd33acfae
8f09de10-6867-45c6-814d-3d91a33d3af7,d6ef5df097338a7b597fdeff9f687aaf
8f09de10-6867-45c6-814d-3d91a33d3af7,6cd77e5605fee6a788dff1413dcf2f1d
8f09de10-6867-45c6-814d-3d91a33d3af7,62a185cf00f0ed07cddddc10bc019fd2
8f09de10-6867-45c6-814d-3d91a33d3af7,43e31e25b45568043ad20258f08d5a40
8f09de10-6867-45c6-814d-3d91a33d3af7,4088031efff9a198b86931047791126d
8f09de10-6867-45c6-814d-3d91a33d3af7,3d83a97413cb6142fa0f2f5d87ea057d
8f09de10-6867-45c6-814d-3d91a33d3af7,1499ef90c8a52b16303c10d1981f6b32
8f09de10-6867-45c6-814d-3d91a33d3af7,7c16eb4840787190994f1ab2fd5face0
8f09de10-6867-45c6-814d-3d91a33d3af7,211c2cd05b91ee5984ba765c49a2f187
8f09de10-6867-45c6-814d-3d91a33d3af7,7ae95ebed8070b556674169a3e702863
8f09de10-6867-45c6-814d-3d91a33d3af7,1385302b3fdaa85b7aa8173d8b38ece6
8f09de10-6867-45c6-814d-3d91a33d3af7,776835ab09751b79436b0a420d8cee18
8f09de10-6867-45c6-814d-3d91a33d3af7,2b9c4c38107948879a352be170590670
8f09de10-6867-45c6-814d-3d91a33d3af7,1a7c9417e248a6cb5c456b2de2e961d7
8f09de10-6867-45c6-814d-3d91a33d3af7,27341297468579542860fb7c5e11fea0
8f09de10-6867-45c6-814d-3d91a33d3af7,f22a381fec064628f36f08248317fb8b
8f09de10-6867-45c6-814d-3d91a33d3af7,cbe937fc1553858adab671a24a552ff7
8f09de10-6867-45c6-814d-3d91a33d3af7,1c9d9172cd15d90f1beae907aa79b6d6
8f09de10-6867-45c6-814d-3d91a33d3af7,e0071d55a013409ab9cde07cfa398613
8f09de10-6867-45c6-814d-3d91a33d3af7,4c2ae964d702ddd4a9148e3b3fb17085
8f09de10-6867-45c6-814d-3d91a33d3af7,ae34df3442a1fdb543285269badb00c3
8f09de10-6867-45c6-814d-3d91a33d3af7,3b99d3e627a3c8925417e3e43b195b22
8f09de10-6867-45c6-814d-3d91a33d3af7,4ac4a1fbd366e0e107ed80843606d245
8f09de10-6867-45c6-814d-3d91a33d3af7,279a3a549b61672d4b3e171016672b27
8f09de10-6867-45c6-814d-3d91a33d3af7,04f4bb07ed3e8ce0d6d174a212f5403a
8f09de10-6867-45c6-814d-3d91a33d3af7,c2402c9ce47e80fc55dc65b0d055ae69
8f09de10-6867-45c6-814d-3d91a33d3af7,289b2debe3bc21078b31c320a23bb5c2
8f09de10-6867-45c6-814d-3d91a33d3af7,85e571c36ceb511f7d2106db53c75c58
8f09de10-6867-45c6-814d-3d91a33d3af7,2fd3e926f0f0a2715c7dc593107108de
8f09de10-6867-45c6-814d-3d91a33d3af7,380a9267f90705d2256766e74279f722
8f09de10-6867-45c6-814d-3d91a33d3af7,16b4690752fe13003d6f2d53f7f04499
8f09de10-6867-45c6-814d-3d91a33d3af7,18d5f0516eabfe13abf8e2b883550002
8f09de10-6867-45c6-814d-3d91a33d3af7,12e704a78687d5195a934e202d16c8fa
8f09de10-6867-45c6-814d-3d91a33d3af7,d2706777673680f42e50e639fa7aaffe
8f09de10-6867-45c6-814d-3d91a33d3af7,105d873844a42d9b9df595a621d262ad
8f09de10-6867-45c6-814d-3d91a33d3af7,8389c4261c3eb4dbb619974a414026a5
8f09de10-6867-45c6-814d-3d91a33d3af7,c10e3157d32f53e1b6a623da30e593a9
8f09de10-6867-45c6-814d-3d91a33d3af7,b6866cf9f5acddf3bc412fa12fe1cc04
8f09de10-6867-45c6-814d-3d91a33d3af7,e76b197f1a25be275e1151d74e44e938
8f09de10-6867-45c6-814d-3d91a33d3af7,e415be495c12766621fe98c3a849cb4f
8f09de10-6867-45c6-814d-3d91a33d3af7,ac2c17ef88b0d4882e5c9584e1967d12
8f09de10-6867-45c6-814d-3d91a33d3af7,a860093c7ddcc22d08336a7d469cf839
8f09de10-6867-45c6-814d-3d91a33d3af7,3074c8e65f657e6008f406ab578702df
8f09de10-6867-45c6-814d-3d91a33d3af7,62d1b44b8dd8b8ee20cf12dd963da2a9
8f09de10-6867-45c6-814d-3d91a33d3af7,3b95e9fdcac115605551e727c4332043
8f09de10-6867-45c6-814d-3d91a33d3af7,adf53f0aaea75030bf4a4c165089dcdc
8f09de10-6867-45c6-814d-3d91a33d3af7,9e4e90e2f2ea7a5f11b6f558ccb207aa
8f09de10-6867-45c6-814d-3d91a33d3af7,4021d70f4635c435eebdc95bbf1ea295
8f09de10-6867-45c6-814d-3d91a33d3af7,e759eb1d415494b3bb0032ee9d229810
8f09de10-6867-45c6-814d-3d91a33d3af7,a3ea06053594a39c25ed22d015fb6ffa
8f09de10-6867-45c6-814d-3d91a33d3af7,201d807cef8a5106b57b5be65f3f6713
8f09de10-6867-45c6-814d-3d91a33d3af7,a4b16eaff52262f144dcbf4fd13c3509
8f09de10-6867-45c6-814d-3d91a33d3af7,d559a45420efe6514229c0160594b863
8f09de10-6867-45c6-814d-3d91a33d3af7,bd69d9d990e866c3094262fd30c3ec3f
8f09de10-6867-45c6-814d-3d91a33d3af7,ef2861547710d059b9e1a91366fd79ac
8f09de10-6867-45c6-814d-3d91a33d3af7,de869a560996e2d3d88595205381e424
8f09de10-6867-45c6-814d-3d91a33d3af7,ad456beb6bc90d783871e25ecb0699db
8f09de10-6867-45c6-814d-3d91a33d3af7,6245ba132084203ae0d5efd1bc76c197
8f09de10-6867-45c6-814d-3d91a33d3af7,08f2707d944fd55c33fee830abf42abb
8f09de10-6867-45c6-814d-3d91a33d3af7,9c519548dd0ff31c27a6072f3e4a9d5f
8f09de10-6867-45c6-814d-3d91a33d3af7,c3292004091872637ad2d09d6b99874b
8f09de10-6867-45c6-814d-3d91a33d3af7,5e13a12de6e9ab560c055a7244259ad5
8f09de10-6867-45c6-814d-3d91a33d3af7,55bed124d3331fb6b24c34ac93562207
8f09de10-6867-45c6-814d-3d91a33d3af7,b2d2dbb83c6ba3a93afafa9fa7443312
8f09de10-6867-45c6-814d-3d91a33d3af7,846bbb646dafd9a2a364663ce46ffc01
8f09de10-6867-45c6-814d-3d91a33d3af7,f3f93da80045daaa00871e9dac264fa5
8f09de10-6867-45c6-814d-3d91a33d3af7,b15949eb639a0da37d3fceae90a3576a
8f09de10-6867-45c6-814d-3d91a33d3af7,6157965277b11b277f229430ac185f69
8f09de10-6867-45c6-814d-3d91a33d3af7,a6f68f592f916e59434b123f2baf143c
8f09de10-6867-45c6-814d-3d91a33d3af7,b49d9f6dd3fa6543d2ce30421b305bff
8f09de10-6867-45c6-814d-3d91a33d3af7,f021b5ba0aefb1016011b32d61c397c5
8f09de10-6867-45c6-814d-3d91a33d3af7,7e469dd1a4a0141cc63246fca8db1e6e
8f09de10-6867-45c6-814d-3d91a33d3af7,9e9dace22a9f8f22876e4e18fc04d90a
8f09de10-6867-45c6-814d-3d91a33d3af7,9abfb0d2f9e6826a4590e0c544e96816
8f09de10-6867-45c6-814d-3d91a33d3af7,0c541412f3ba5d465f5f0c84a92e846f
8f09de10-6867-45c6-814d-3d91a33d3af7,7b030619a312290c627990d0ced3e2cb
8f09de10-6867-45c6-814d-3d91a33d3af7,f5e4f381f73c1c149faa69578f125251
8f09de10-6867-45c6-814d-3d91a33d3af7,91667eb8624670f3574a933afd4dd937
8f09de10-6867-45c6-814d-3d91a33d3af7,10e3692a36266c6f5d0b4a53fd75c8b8
8f09de10-6867-45c6-814d-3d91a33d3af7,b1aed933354fab5f57393ec15a0ed5bf
8f09de10-6867-45c6-814d-3d91a33d3af7,5c6526ecf281f19cdb65697af547c13c
8f09de10-6867-45c6-814d-3d91a33d3af7,51d04e4ef3eb0f52a05d5c91e626eb85
8f09de10-6867-45c6-814d-3d91a33d3af7,a76d12dab96e7dc1df8e2d8757baad24
8f09de10-6867-45c6-814d-3d91a33d3af7,196afc7fc7ae45cc514d1de67f2120e2
8f09de10-6867-45c6-814d-3d91a33d3af7,a52debcc48ba6dc25506698d2ebb0d3f
8f09de10-6867-45c6-814d-3d91a33d3af7,d809ae3668d5cb5cef191987e0e4d8d6
8f09de10-6867-45c6-814d-3d91a33d3af7,6bdf8180e966157bd53889d955ce7d48
8f09de10-6867-45c6-814d-3d91a33d3af7,e9da356d8b987c9b633de2d09fc266a4
8f09de10-6867-45c6-814d-3d91a33d3af7,2f14d662afcda36a0f0e27ef9df6b3bd
8f09de10-6867-45c6-814d-3d91a33d3af7,6ab2429da1542f5791e71e1f1f37c89e
8f09de10-6867-45c6-814d-3d91a33d3af7,d1f125b1c60d142bd548b461b5412ff4
8f09de10-6867-45c6-814d-3d91a33d3af7,ee6175f5c5be3a052ba0556791841db3
8f09de10-6867-45c6-814d-3d91a33d3af7,8f40e2e7d545cf5bf91ff52baeb018d5
8f09de10-6867-45c6-814d-3d91a33d3af7,8abc284176c9f709fc5ce337ebb68401
8f09de10-6867-45c6-814d-3d91a33d3af7,3f70bd0f5b4e4aae6c8571d141885a9a
8f09de10-6867-45c6-814d-3d91a33d3af7,7c3851c92b22bc7cfc9c5fbe2154215d
8f09de10-6867-45c6-814d-3d91a33d3af7,e751f74379c02a871668e8a180022b54
8f09de10-6867-45c6-814d-3d91a33d3af7,30bc56593a2fb6f51b90cfa4aa12b93c
8f09de10-6867-45c6-814d-3d91a33d3af7,7f44eb85e59d31a44634b6099aad38d4
8f09de10-6867-45c6-814d-3d91a33d3af7,2702434aa0698217dbfd92ed15999654
8f09de10-6867-45c6-814d-3d91a33d3af7,c804194443815de5b28b8cde0d721c6d
8f09de10-6867-45c6-814d-3d91a33d3af7,ce51048388310f5b455939c3177eab34
8f09de10-6867-45c6-814d-3d91a33d3af7,ad5cc46a67b1511fb2b63abce8de3378
8f09de10-6867-45c6-814d-3d91a33d3af7,e6f6da5e3224ce7630dd105f33b89e7e
8f09de10-6867-45c6-814d-3d91a33d3af7,9946c663afb7c9c06dddbe3b3dbbf1a1
8f09de10-6867-45c6-814d-3d91a33d3af7,f41f19bc09430b0f7242d23938f38c37
8f09de10-6867-45c6-814d-3d91a33d3af7,b583e657790f32714ff56d4e4149d78f
8f09de10-6867-45c6-814d-3d91a33d3af7,8394af204ccfbf9cbfab82b765038083
8f09de10-6867-45c6-814d-3d91a33d3af7,7e2171675ff053d0b34c068d13bb9ed0
8f09de10-6867-45c6-814d-3d91a33d3af7,058fa5f500516bacbab453193d6473b1
8f09de10-6867-45c6-814d-3d91a33d3af7,743d066cd5c2455350145792c2c9a7df
8f09de10-6867-45c6-814d-3d91a33d3af7,e8c78d722d86267a557e9d6a33cece0a
8f09de10-6867-45c6-814d-3d91a33d3af7,030224e70e4c6778a5158bc7397e654c
8f09de10-6867-45c6-814d-3d91a33d3af7,2a7c0f608785ec04b9efe4886037373b
8f09de10-6867-45c6-814d-3d91a33d3af7,d59e4dcbfcc9dad280e9fd439a687080
8f09de10-6867-45c6-814d-3d91a33d3af7,cc21c973d859e45fe733ab26d889bb57
8f09de10-6867-45c6-814d-3d91a33d3af7,0ec8d93daf7f8b4bb848a0eb1faa5325
8f09de10-6867-45c6-814d-3d91a33d3af7,0f17ce4254f8242888f38d389421a50c
8f09de10-6867-45c6-814d-3d91a33d3af7,3ed0692b551ce03730bc6cb912e2244b
8f09de10-6867-45c6-814d-3d91a33d3af7,233568e6b8e295c83ffef984ba980a9f
8f09de10-6867-45c6-814d-3d91a33d3af7,7cbd463d96c33408feb609c922d478ab
8f09de10-6867-45c6-814d-3d91a33d3af7,5f622c592b147d038f98270790e91621
8f09de10-6867-45c6-814d-3d91a33d3af7,36afb6cca365399bb441b2a5993b28db
8f09de10-6867-45c6-814d-3d91a33d3af7,9cffbaa83c442dd6f246dbdb0a1b3401
8f09de10-6867-45c6-814d-3d91a33d3af7,32d79af3cee0215712404d8f5ff8af1c
8f09de10-6867-45c6-814d-3d91a33d3af7,52e0e06729f53ab388647fd1cf45df4d
8f09de10-6867-45c6-814d-3d91a33d3af7,c3d9a1432653293da56c082b4918a957
8f09de10-6867-45c6-814d-3d91a33d3af7,69d1e960797ee938bf3e062181c0b4ec
8f09de10-6867-45c6-814d-3d91a33d3af7,4b8a8c584deb7c67cb5875b179482b90
8f09de10-6867-45c6-814d-3d91a33d3af7,c84889007f2227494f275b94d7ee4bc8
8f09de10-6867-45c6-814d-3d91a33d3af7,3575beb9a057143518602720ccdac1cf
8f09de10-6867-45c6-814d-3d91a33d3af7,0751be83edf976804355fcc8382d737a
8f09de10-6867-45c6-814d-3d91a33d3af7,163668c6c551adc5b1cb5f05f78a032f
8f09de10-6867-45c6-814d-3d91a33d3af7,f3228cdc054962097f6060d626fe2dda
8f09de10-6867-45c6-814d-3d91a33d3af7,129d23db01614f9565c8e3a9eeb73a0b
8f09de10-6867-45c6-814d-3d91a33d3af7,149c69df80a95088864adb2ed645bf6e
8f09de10-6867-45c6-814d-3d91a33d3af7,d337a56ffe47fda24e6a9e26d04575ac
8f09de10-6867-45c6-814d-3d91a33d3af7,b9c3494705a31521e1cd6e1eedd83f59
8f09de10-6867-45c6-814d-3d91a33d3af7,8b9874a025bb3930649675930b480b85
8f09de10-6867-45c6-814d-3d91a33d3af7,198c1f324db5f431eabe4eab7dc004f0
8f09de10-6867-45c6-814d-3d91a33d3af7,6e2f5ef9c757e0b6d5dbaf3ef6fad451
8f09de10-6867-45c6-814d-3d91a33d3af7,7ab9018b49612dfb6a9c56c8c3141ef9
8f09de10-6867-45c6-814d-3d91a33d3af7,657ff8ccdcde6db368a93594860b696a
8f09de10-6867-45c6-814d-3d91a33d3af7,a90bbfa01d7cd7e710499ea60120cc4c
8f09de10-6867-45c6-814d-3d91a33d3af7,029ad475ac329f7dbcbb86741fcad203
8f09de10-6867-45c6-814d-3d91a33d3af7,c5fd0c8fe85e9a09f5c687f48803f961
8f09de10-6867-45c6-814d-3d91a33d3af7,0b5e01dfb7942cea9f4c967a8a9c49a6
8f09de10-6867-45c6-814d-3d91a33d3af7,db81309e574e363ebbb7f0c60b65f155
8f09de10-6867-45c6-814d-3d91a33d3af7,0740c947dbe9bf022931ad2c3a10f38b
8f09de10-6867-45c6-814d-3d91a33d3af7,e33f1db433796ff2794375364f213612
8f09de10-6867-45c6-814d-3d91a33d3af7,7db3017f11223741213478e3840fab48
8f09de10-6867-45c6-814d-3d91a33d3af7,2b04dcf6a15350f9bab86f9027b67793
8f09de10-6867-45c6-814d-3d91a33d3af7,ee08a066f5739b6e01f12b38ccd00cc9
8f09de10-6867-45c6-814d-3d91a33d3af7,bb99be545678238f1bb0cda322e3265e
8f09de10-6867-45c6-814d-3d91a33d3af7,b8edc4df22983914e43a6f3ca5309137
8f09de10-6867-45c6-814d-3d91a33d3af7,167da294f6e140c66f1bab421340c126
8f09de10-6867-45c6-814d-3d91a33d3af7,5019efeafdbc11574d5948004a0e5647
8f09de10-6867-45c6-814d-3d91a33d3af7,8b4961dabe449ffd15969b387c0e412b
8f09de10-6867-45c6-814d-3d91a33d3af7,7f25950dbde2a3f4f3f9ce9428d93c18
8f09de10-6867-45c6-814d-3d91a33d3af7,c3f34e77d1dabd4d2fd62ae3683586c9
8f09de10-6867-45c6-814d-3d91a33d3af7,d6c4b113589372d7b3e919ac064b54d5
8f09de10-6867-45c6-814d-3d91a33d3af7,1b7e8877993addd2d501a64a6af63fc3
8f09de10-6867-45c6-814d-3d91a33d3af7,ef78343417712b9242b03fb8af7c8ee3
8f09de10-6867-45c6-814d-3d91a33d3af7,68217445a282888d41de4b9751d079d9
8f09de10-6867-45c6-814d-3d91a33d3af7,199d7e74f0793ff96d05b9733b43ddd0
8f09de10-6867-45c6-814d-3d91a33d3af7,171b8ffd97de2aa92a6ab50c2bd7abda
8f09de10-6867-45c6-814d-3d91a33d3af7,6b8e97c9c941a4caa29a763e8fbea1b8
8f09de10-6867-45c6-814d-3d91a33d3af7,bcde53d4ed5cfb23813ad7fd52ce054a
8f09de10-6867-45c6-814d-3d91a33d3af7,31dc833e7cc7071620ae6a250ec4186b
8f09de10-6867-45c6-814d-3d91a33d3af7,7ae1c7a707ba08634f22405ebd6902f2
8f09de10-6867-45c6-814d-3d91a33d3af7,2e00f3dda939c00d2395983e80699647
8f09de10-6867-45c6-814d-3d91a33d3af7,8d8622f685833e9c6d1cbb963e16f04a
8f09de10-6867-45c6-814d-3d91a33d3af7,1e3bc6c1003e189af826430c385fb120
8f09de10-6867-45c6-814d-3d91a33d3af7,b8921236fb99420c233fbf31fc7a7fb0
8f09de10-6867-45c6-814d-3d91a33d3af7,63fe6a080f73875112720189b56e7079
8f09de10-6867-45c6-814d-3d91a33d3af7,14d87ac8fe2533696a2ac07254b9ace3
8f09de10-6867-45c6-814d-3d91a33d3af7,2a4deb15309ed7c6d96359d99f187330
8f09de10-6867-45c6-814d-3d91a33d3af7,33c78b9d14e4bc21833440f41f350ca8
8f09de10-6867-45c6-814d-3d91a33d3af7,844f1b1b1c9eed6c1456fcc652df8753
8f09de10-6867-45c6-814d-3d91a33d3af7,d4fdc4d8f74d7f4f6157d2f31ebb5f31
8f09de10-6867-45c6-814d-3d91a33d3af7,da042f953ceb75584c24ca4be3b3b480
8f09de10-6867-45c6-814d-3d91a33d3af7,4b056429d79eb3037c947389a2647e95
8f09de10-6867-45c6-814d-3d91a33d3af7,c98d75200d668019fc4aefb347f1a0f0
8f09de10-6867-45c6-814d-3d91a33d3af7,2e9fc8b9d39473a0892d0e07ab3c70a7
8f09de10-6867-45c6-814d-3d91a33d3af7,b48130c8a5f88e41665ca49bb3104321
8f09de10-6867-45c6-814d-3d91a33d3af7,e9321d310b32052b81af0fb235e2729d
8f09de10-6867-45c6-814d-3d91a33d3af7,0bdaae4c2d199c510c44fed8c6567a68
8f09de10-6867-45c6-814d-3d91a33d3af7,13d05905bdadc9f27a49e408cf168e16
8f09de10-6867-45c6-814d-3d91a33d3af7,814485248d89da7454745cdde0fbf5d6
8f09de10-6867-45c6-814d-3d91a33d3af7,6cea297cc2537f4ccec9238e2993068e
8f09de10-6867-45c6-814d-3d91a33d3af7,fd31159835044fa7ae52344f48ea7302
8f09de10-6867-45c6-814d-3d91a33d3af7,f9080fbe84291230a482082967f074f1
8f09de10-6867-45c6-814d-3d91a33d3af7,99420bdc26a694292660b4c8c29f4b41
8f09de10-6867-45c6-814d-3d91a33d3af7,1b39b689a26e573a0160ef6d4a537222
8f09de10-6867-45c6-814d-3d91a33d3af7,9a1747e7a06f9a83e52709b87a236ae1
8f09de10-6867-45c6-814d-3d91a33d3af7,82d0f0ea8ce2dd73dae0d1b835b21aea
8f09de10-6867-45c6-814d-3d91a33d3af7,b4043360a8a603ce626aae15ceddfa62
8f09de10-6867-45c6-814d-3d91a33d3af7,a50c2cce4c7833f71060f6dbeeba741b
8f09de10-6867-45c6-814d-3d91a33d3af7,81b7fcb651606515847d4df42ce0d225
8f09de10-6867-45c6-814d-3d91a33d3af7,ab30b661c426f0038aec2572f3cadf3a
8f09de10-6867-45c6-814d-3d91a33d3af7,6584712702df989b9e88fe8992f2df8f
8f09de10-6867-45c6-814d-3d91a33d3af7,36ca128f3770836c46311fb01ade267f
8f09de10-6867-45c6-814d-3d91a33d3af7,7cea772171445ef3e870b472a35a073c
8f09de10-6867-45c6-814d-3d91a33d3af7,60dd8ce52422c8807eefe8c3ec86c315
8f09de10-6867-45c6-814d-3d91a33d3af7,ad8de008e4c61a39c3e42912e6f59ac5
8f09de10-6867-45c6-814d-3d91a33d3af7,cfea7e899186a3b98120d10129d697a8
8f09de10-6867-45c6-814d-3d91a33d3af7,1aa9217642aab876bc954c9f62524dec
8f09de10-6867-45c6-814d-3d91a33d3af7,3b962f7198542ea24934df9fb514788f
8f09de10-6867-45c6-814d-3d91a33d3af7,7228f086ed078ded589223d5582c35ee
8f09de10-6867-45c6-814d-3d91a33d3af7,8df4cb637735cf5de61398928e22c61d
8f09de10-6867-45c6-814d-3d91a33d3af7,634ba6e55e6e213bf89b6803f404be44
8f09de10-6867-45c6-814d-3d91a33d3af7,0bbdaf3054efff08643d2c9b1426be23
8f09de10-6867-45c6-814d-3d91a33d3af7,149fa8c9b5fc25c01f4dbcf0172799c2
8f09de10-6867-45c6-814d-3d91a33d3af7,aa94cea7f0e3a1109375b5dbb30cc850
8f09de10-6867-45c6-814d-3d91a33d3af7,35099143339c2f0d320f11383190d261
8f09de10-6867-45c6-814d-3d91a33d3af7,b2af930d12bca86c5400907f87cc5a96
8f09de10-6867-45c6-814d-3d91a33d3af7,757b7b7c75b681bd6dc4cab53e0b8095
8f09de10-6867-45c6-814d-3d91a33d3af7,6fa7e6552c8f7c13543d54f079197a1c
8f09de10-6867-45c6-814d-3d91a33d3af7,dc9ec73efb384e680140d23426a9e783
8f09de10-6867-45c6-814d-3d91a33d3af7,d4e2e417bb43edc6d43129da68760504
8f09de10-6867-45c6-814d-3d91a33d3af7,84f7a65a699ebcc9c5a8251829f09062
8f09de10-6867-45c6-814d-3d91a33d3af7,45431f9e6eb3ba298d50f141bf729d39
8f09de10-6867-45c6-814d-3d91a33d3af7,738a9ed1f4c052023f113a79457b259f
8f09de10-6867-45c6-814d-3d91a33d3af7,bdb6d1391bfb258f4d1304795f6de4fe
8f09de10-6867-45c6-814d-3d91a33d3af7,dfb92fccc3de34a5c54e79775db5f8db
8f09de10-6867-45c6-814d-3d91a33d3af7,614c2e5940bbb2c6ffd0187cebb2fb8f
8f09de10-6867-45c6-814d-3d91a33d3af7,3d138c6f983234f1bff6f776bdf15582
8f09de10-6867-45c6-814d-3d91a33d3af7,95c22de0d285852df9655cf57289f69f
8f09de10-6867-45c6-814d-3d91a33d3af7,3d85baf74ec559790d8b6ac6b3ddf9e7
8f09de10-6867-45c6-814d-3d91a33d3af7,c24893ac19fe391c119f8bb6b55603d0
8f09de10-6867-45c6-814d-3d91a33d3af7,e86fe68d8e17e4e3246d7d2c2e50ba0c
8f09de10-6867-45c6-814d-3d91a33d3af7,465ed4ae46eef674e6a044e187fe81d6
8f09de10-6867-45c6-814d-3d91a33d3af7,99170c823f9fb36e8ff8d4cd663df17f
8f09de10-6867-45c6-814d-3d91a33d3af7,f1fe7ceebc8cd282a9ed7e550824ff1d
8f09de10-6867-45c6-814d-3d91a33d3af7,fd96c99bbb038259260be6bec1e0cd11
8f09de10-6867-45c6-814d-3d91a33d3af7,b796e260c0db980e7796d55ef64da170
8f09de10-6867-45c6-814d-3d91a33d3af7,85c0a7b4ee3b5df33df67f8daa4daeb0
8f09de10-6867-45c6-814d-3d91a33d3af7,793a87b9f7c7711d19ef1fe76870eae0
8f09de10-6867-45c6-814d-3d91a33d3af7,d2e86303f5e7f798f9de6d660de8ca13
8f09de10-6867-45c6-814d-3d91a33d3af7,1e66431af3a034dd0e73e7e78d16e684
8f09de10-6867-45c6-814d-3d91a33d3af7,6cba6b42a9906a3701601894a6198265
8f09de10-6867-45c6-814d-3d91a33d3af7,6d1d538535cbfcae3001b2aeae4bef06
8f09de10-6867-45c6-814d-3d91a33d3af7,da7d0ccdcf72d8ba7747a9980423117e
8f09de10-6867-45c6-814d-3d91a33d3af7,982e046dff6c7f5b78dd2128e164b95e
8f09de10-6867-45c6-814d-3d91a33d3af7,b3c00c660b3a732801a31b40bb8f5ae9
8f09de10-6867-45c6-814d-3d91a33d3af7,fd143b10f82a7c2141480f25571e5e12
8f09de10-6867-45c6-814d-3d91a33d3af7,b4572dc4f4e36a84f2375b268e04e913
8f09de10-6867-45c6-814d-3d91a33d3af7,097d37bb3ae166444b0a3d56a1be3c0f
8f09de10-6867-45c6-814d-3d91a33d3af7,8a7acd23f36cc9ca6ff6fedf88edbf84
8f09de10-6867-45c6-814d-3d91a33d3af7,214391776d58d6be84bcf84ee28408e2
8f09de10-6867-45c6-814d-3d91a33d3af7,15eda73cccc85862c079f76ffdd53be4
8f09de10-6867-45c6-814d-3d91a33d3af7,3dfc1c9dc46d0ca1ac0925f75d0e2b6d
8f09de10-6867-45c6-814d-3d91a33d3af7,1794c1b107d42a4e58e39e87f2d4f469
8f09de10-6867-45c6-814d-3d91a33d3af7,b1613de0bfbf720fd2409703adf0ae3c
8f09de10-6867-45c6-814d-3d91a33d3af7,4ace7e9418fab05d532335f19e96856f
8f09de10-6867-45c6-814d-3d91a33d3af7,f6e69faa7df1a9385eef304512605e49
8f09de10-6867-45c6-814d-3d91a33d3af7,4776552f51df12ba7dff0fc27fc5262a
8f09de10-6867-45c6-814d-3d91a33d3af7,ca76f26148aa2c46c75d7d06de88d9c9
8f09de10-6867-45c6-814d-3d91a33d3af7,e880ea9a68e12549432f00f2d155bf9e
8f09de10-6867-45c6-814d-3d91a33d3af7,cdced6ee983f92a21f8402388c0cc8c3
8f09de10-6867-45c6-814d-3d91a33d3af7,c02fb0a25ee072c6b4965ecee2200432
8f09de10-6867-45c6-814d-3d91a33d3af7,8c60212a40138c34d15d3edfa3c5f204
8f09de10-6867-45c6-814d-3d91a33d3af7,c9e8a657952b05eec54fa20f8c441e2e
8f09de10-6867-45c6-814d-3d91a33d3af7,edf8b1db9ff4dc40f16a1e3d5b4566db
8f09de10-6867-45c6-814d-3d91a33d3af7,3db04f97a3fd80f21b81bed0375cc6ca
8f09de10-6867-45c6-814d-3d91a33d3af7,b80f41394eeb99c4b9583b217aeab851
8f09de10-6867-45c6-814d-3d91a33d3af7,72208df495ec99c71b7ede49a66887d0
8f09de10-6867-45c6-814d-3d91a33d3af7,470ff0f6e3299c66591a5084a2a37bc3
8f09de10-6867-45c6-814d-3d91a33d3af7,6a4a6794036ce876852a6a8ddca1a12e
8f09de10-6867-45c6-814d-3d91a33d3af7,7ba62949750a695a72649aebcdb20afd
8f09de10-6867-45c6-814d-3d91a33d3af7,7dbfaca9c02577023af9cadf73c50aa8
8f09de10-6867-45c6-814d-3d91a33d3af7,6d824ae738d3136e4177d0040e828d3b
8f09de10-6867-45c6-814d-3d91a33d3af7,ebed2778cca0b3274b9065c8917f96c0
8f09de10-6867-45c6-814d-3d91a33d3af7,bb4600609daa3ea9009bdb1bfdcf40a2
8f09de10-6867-45c6-814d-3d91a33d3af7,81734cca465e5447d06b13b746008e75
8f09de10-6867-45c6-814d-3d91a33d3af7,f754815d7c651fb9cc82390c86f316c1
8f09de10-6867-45c6-814d-3d91a33d3af7,e7e95f725358d55f1657e71c228286ad
8f09de10-6867-45c6-814d-3d91a33d3af7,311a790c05d00c739452f843670ca7e0
8f09de10-6867-45c6-814d-3d91a33d3af7,c042afcc150fa3d5c763757a741e3c04
8f09de10-6867-45c6-814d-3d91a33d3af7,03cdec63b7d46d54faf9549284a3a86a
8f09de10-6867-45c6-814d-3d91a33d3af7,3394d7d0eaef69256bb0315a02e12919
8f09de10-6867-45c6-814d-3d91a33d3af7,13b8149cad6c0a7ad903903160b22da0
8f09de10-6867-45c6-814d-3d91a33d3af7,9256891f1613c7315020c05e55ebd00a
8f09de10-6867-45c6-814d-3d91a33d3af7,92801f1d5f6b24bf4b1bf3c976e499fb
8f09de10-6867-45c6-814d-3d91a33d3af7,9f68571694fa35117944f9b16fd734a7
8f09de10-6867-45c6-814d-3d91a33d3af7,18033af11ada40ff5bf40f1119ee359f
8f09de10-6867-45c6-814d-3d91a33d3af7,cd1e68ad7a76ff84babcbf08e214b99a
8f09de10-6867-45c6-814d-3d91a33d3af7,0c7aa8c7233ee5070af4cbe05d581466
8f09de10-6867-45c6-814d-3d91a33d3af7,6487ad6ecece5487b39ba0bd9f940d13
8f09de10-6867-45c6-814d-3d91a33d3af7,2d9277c48d610ec423046e39bc145fbc
8f09de10-6867-45c6-814d-3d91a33d3af7,8fe0ce4d5aebcc8716c2fd8d032809db
8f09de10-6867-45c6-814d-3d91a33d3af7,243a8cb71042486bb3279fb6b933592b
8f09de10-6867-45c6-814d-3d91a33d3af7,3325727716420d2ad0b05560b0223dcf
8f09de10-6867-45c6-814d-3d91a33d3af7,58707cbbc70cdb690c1ef2bde8f0de3b
8f09de10-6867-45c6-814d-3d91a33d3af7,9b838c07dc30fca18ef12472fc6a3968
8f09de10-6867-45c6-814d-3d91a33d3af7,0b9e2ce76c4567b9e65e63bc2f9bbebe
8f09de10-6867-45c6-814d-3d91a33d3af7,d86cb89e753189aa898d43bc8de19049
8f09de10-6867-45c6-814d-3d91a33d3af7,fbe17e7c1bbfeabd877b5117448c4730
8f09de10-6867-45c6-814d-3d91a33d3af7,a1ca0619c713b437905e34c95d91f438
8f09de10-6867-45c6-814d-3d91a33d3af7,c9d0bba39cdeffa05405d54b21ad482e
8f09de10-6867-45c6-814d-3d91a33d3af7,d0fe53ca79cb8a1a6a014e17a3f91d20
8f09de10-6867-45c6-814d-3d91a33d3af7,d9de51685b6006c3cbaafe3a15f3b670
8f09de10-6867-45c6-814d-3d91a33d3af7,d2b8bc466fe7ea5c233be5f801a53d1c
8f09de10-6867-45c6-814d-3d91a33d3af7,082f1e317578b717531eec9831e995b4
8f09de10-6867-45c6-814d-3d91a33d3af7,04e8dd6ef6b3b2c7702c2957e7d01309
8f09de10-6867-45c6-814d-3d91a33d3af7,f98d9d2f65dcdcadce375becf1e74ed4
8f09de10-6867-45c6-814d-3d91a33d3af7,43a2996a36e52312d94a0ac56040544a
8f09de10-6867-45c6-814d-3d91a33d3af7,ff23e4bdfc80671814ac273301f74235
8f09de10-6867-45c6-814d-3d91a33d3af7,4f62682d62757884c8f88fa4f3125ab9
8f09de10-6867-45c6-814d-3d91a33d3af7,a78359d27d60680fc76416c1a83a84e4
8f09de10-6867-45c6-814d-3d91a33d3af7,6f8adea84b2ac99c5a47b76f5e82b2a2
8f09de10-6867-45c6-814d-3d91a33d3af7,ba6bcb5c0a7cc2ea2bcd37ddea365cba
8f09de10-6867-45c6-814d-3d91a33d3af7,c7ddd43778c45ed885cebddac41842d8
8f09de10-6867-45c6-814d-3d91a33d3af7,6537f527552b9bd03d622c7795c2a895
8f09de10-6867-45c6-814d-3d91a33d3af7,2472b7a185ed11b4ae96868e4dabf587
8f09de10-6867-45c6-814d-3d91a33d3af7,efcf2cde3864f6c8293c75067eca5761
8f09de10-6867-45c6-814d-3d91a33d3af7,73d00fedf0f05e8ad46133e5d54e529a
8f09de10-6867-45c6-814d-3d91a33d3af7,adac092a7167df244dd09de2833d2aa9
8f09de10-6867-45c6-814d-3d91a33d3af7,18aa87b0b2ba51ef658dc7cb24f55581
8f09de10-6867-45c6-814d-3d91a33d3af7,35419c7aa5bcfce911b5c405a2daec3d
8f09de10-6867-45c6-814d-3d91a33d3af7,348b7c23b63d62421643c97cc5a8a770
8f09de10-6867-45c6-814d-3d91a33d3af7,85bbe26291a7cc15a219aeca82846d66
8f09de10-6867-45c6-814d-3d91a33d3af7,eb09ace6bb782526fd79a379161d0870
8f09de10-6867-45c6-814d-3d91a33d3af7,37b536cb08f9ec3cad1e3014ec54deb8
8f09de10-6867-45c6-814d-3d91a33d3af7,7527d114b7239b7ddd8fdb057b233ddb
8f09de10-6867-45c6-814d-3d91a33d3af7,d4f34aa1a1461cbc917ee57107740d5b
8f09de10-6867-45c6-814d-3d91a33d3af7,7f26ab18484d8e400d5d3360af2ac2b0
8f09de10-6867-45c6-814d-3d91a33d3af7,ef385e01a1a26a74d2060881ef239844
8f09de10-6867-45c6-814d-3d91a33d3af7,0266c347f40664e4f48c25cbfabf2896
8f09de10-6867-45c6-814d-3d91a33d3af7,d7a7c412907c3ec082bdf65888cc5e64
8f09de10-6867-45c6-814d-3d91a33d3af7,87bf500a6e30f3ef6bb7e2f99a108998
8f09de10-6867-45c6-814d-3d91a33d3af7,5d32e73c3eff2e1afdb4aa11846c9a72
8f09de10-6867-45c6-814d-3d91a33d3af7,59d4bc09dbedf07f70181603302bfba3
8f09de10-6867-45c6-814d-3d91a33d3af7,3b53ae80d5315b7d278d894844bcbd38
8f09de10-6867-45c6-814d-3d91a33d3af7,8466be360ac0fcc4db6b7a1331cad045
8f09de10-6867-45c6-814d-3d91a33d3af7,7395d4a44999c7d5131a68056f6b6967
8f09de10-6867-45c6-814d-3d91a33d3af7,32b77abb263100801b9b8a17015e83a1
8f09de10-6867-45c6-814d-3d91a33d3af7,bfea2205b6aa699a09e6c3e7fcf2fc7e
8f09de10-6867-45c6-814d-3d91a33d3af7,3b485192df8fcc2e0b753883e01e61f6
8f09de10-6867-45c6-814d-3d91a33d3af7,b3381773783f90bb72d7fe8c4e8d17c0
8f09de10-6867-45c6-814d-3d91a33d3af7,9f3f2ccbd64b4ce8e2c1be5d59191d4c
8f09de10-6867-45c6-814d-3d91a33d3af7,c19a6747479556993c85bb347b149e04
8f09de10-6867-45c6-814d-3d91a33d3af7,3fc1c89d8a06d71704fdfccc71927135
8f09de10-6867-45c6-814d-3d91a33d3af7,751ecc032aec8fd11fc46d16a049295e
8f09de10-6867-45c6-814d-3d91a33d3af7,da8a86a89ddde393b2be3ef28599d57c
8f09de10-6867-45c6-814d-3d91a33d3af7,b232131fadaaf55357550817785f8b1a
8f09de10-6867-45c6-814d-3d91a33d3af7,dfbcdc85d231af71aaff764ec112361c
8f09de10-6867-45c6-814d-3d91a33d3af7,91dc26898b5cb2204ae973513917912d
8f09de10-6867-45c6-814d-3d91a33d3af7,723a160d85c7bae06a463461aa09ef13
8f09de10-6867-45c6-814d-3d91a33d3af7,fd082162b124cc5131d04b784d924ffe
8f09de10-6867-45c6-814d-3d91a33d3af7,08ed6954fc513780b7a4b7ce6d4251d2
8f09de10-6867-45c6-814d-3d91a33d3af7,32cf04592daa181e340052f495e74afc
8f09de10-6867-45c6-814d-3d91a33d3af7,4187f722aec134cebcbf09dbd8803c8b
8f09de10-6867-45c6-814d-3d91a33d3af7,2531b672abb4a770a65a49787387b63d
8f09de10-6867-45c6-814d-3d91a33d3af7,59a95ef222d009fdacd8671453ab76ab
8f09de10-6867-45c6-814d-3d91a33d3af7,782682778ee206ce21e54135a5b6cbf3
8f09de10-6867-45c6-814d-3d91a33d3af7,95f7f9841bbfd64c8e4c2f793780be7f
8f09de10-6867-45c6-814d-3d91a33d3af7,ee12a29fa428a701e5dc2e1aa007194c
8f09de10-6867-45c6-814d-3d91a33d3af7,219cc9b025196a4e79825777432d3a87
8f09de10-6867-45c6-814d-3d91a33d3af7,5a6a1218168d64d032f22376215b1285
8f09de10-6867-45c6-814d-3d91a33d3af7,2cee0282de076a57e48fc5b60262e647
8f09de10-6867-45c6-814d-3d91a33d3af7,a09cf654b96471e82d93fe6cc1a6c089
8f09de10-6867-45c6-814d-3d91a33d3af7,4c46987e0d09eebcaddffa47f41bdd36
8f09de10-6867-45c6-814d-3d91a33d3af7,9bd9cf0638cdc5ed0e916ad035a58e71
8f09de10-6867-45c6-814d-3d91a33d3af7,7a92e17273bccba0dc964140ce889674
8f09de10-6867-45c6-814d-3d91a33d3af7,ffb16485ba8d8adb18be64961a7a03f8
8f09de10-6867-45c6-814d-3d91a33d3af7,b9e7612a66654a9c383ed1bb79cc9ae1
8f09de10-6867-45c6-814d-3d91a33d3af7,ca85fac00a35c55a2bd14b5a2b9d0551
8f09de10-6867-45c6-814d-3d91a33d3af7,6daeedf309ff5e49187fefe2e18b1fec
8f09de10-6867-45c6-814d-3d91a33d3af7,6d04e86491c8ac0fb427d0a5281268e4
8f09de10-6867-45c6-814d-3d91a33d3af7,6abbbb32cbead065ba35ed427ac3bdf3
8f09de10-6867-45c6-814d-3d91a33d3af7,c206e00e979316f989d8c0e3c2da8b4a
8f09de10-6867-45c6-814d-3d91a33d3af7,d0a91ac8093be72a174544ccc1cf8626
8f09de10-6867-45c6-814d-3d91a33d3af7,593b4c008d90da181bb7bb3ca1c04540
8f09de10-6867-45c6-814d-3d91a33d3af7,77a9a42428097bc41a5473ac90f8bbf8
8f09de10-6867-45c6-814d-3d91a33d3af7,0ce6f5f9e16241564ea6e66c5f18f077
8f09de10-6867-45c6-814d-3d91a33d3af7,eabae918b0c87659716846462c72b570
8f09de10-6867-45c6-814d-3d91a33d3af7,0a9cf73b5036a4e93e09063587a01eda
8f09de10-6867-45c6-814d-3d91a33d3af7,6b3d65a3f5d99ea7c396de1ff4bc52da
8f09de10-6867-45c6-814d-3d91a33d3af7,563b80b9d079c19ef8f42d71da6ae0be
8f09de10-6867-45c6-814d-3d91a33d3af7,971ac99fe8937c6c5eebe2e9c120f19c
8f09de10-6867-45c6-814d-3d91a33d3af7,6cd7fb3b8b86ec2b931e6f723723b8c2
8f09de10-6867-45c6-814d-3d91a33d3af7,29e4bdd544450ae2802516ed29a0cf2e
8f09de10-6867-45c6-814d-3d91a33d3af7,19be741f8add37fa2c26136dcd5d9d49
8f09de10-6867-45c6-814d-3d91a33d3af7,3fbc10ed8e5a8170ee8095e1ef851208
8f09de10-6867-45c6-814d-3d91a33d3af7,6593442a7bad5b55e25926b62cc77d50
8f09de10-6867-45c6-814d-3d91a33d3af7,a7fd9c5cf00a08375e250813ae91bc56
8f09de10-6867-45c6-814d-3d91a33d3af7,261ea17e2ead8515151d75e5d9fde229
8f09de10-6867-45c6-814d-3d91a33d3af7,3e1d8926447f72329767032a0284b149
8f09de10-6867-45c6-814d-3d91a33d3af7,bd708d66b15bddc138096e8b8324dcd6
8f09de10-6867-45c6-814d-3d91a33d3af7,0ba4fe44c0b03c36ee83484ebba97ead
8f09de10-6867-45c6-814d-3d91a33d3af7,1a476b04f5d515363fb5803f5a48c529
8f09de10-6867-45c6-814d-3d91a33d3af7,623e45c26baf4631ee9377751bffc3e2
8f09de10-6867-45c6-814d-3d91a33d3af7,86d7a50f6c76bc6ba839c5d059395ef2
8f09de10-6867-45c6-814d-3d91a33d3af7,29866557a1bb34dee38301927b4217f0
8f09de10-6867-45c6-814d-3d91a33d3af7,7648f22eb48f7d36a32ebf1da2b15f54
8f09de10-6867-45c6-814d-3d91a33d3af7,3e2a815ad25a9e8d2ebcd94de30530ed
8f09de10-6867-45c6-814d-3d91a33d3af7,e47b715a07e45217c60c2558f97e1020
8f09de10-6867-45c6-814d-3d91a33d3af7,e44c934a5537037439ec9138227d449e
8f09de10-6867-45c6-814d-3d91a33d3af7,efff42d8f68680ad4134a994b077cbe1
8f09de10-6867-45c6-814d-3d91a33d3af7,1405d7862aa76c28a0aee889379167df
8f09de10-6867-45c6-814d-3d91a33d3af7,6657dd64d6245d90ed3112ad5e3459c6
8f09de10-6867-45c6-814d-3d91a33d3af7,7ba4f214223b53d2010b5373acaeec78
8f09de10-6867-45c6-814d-3d91a33d3af7,4f69a5c4636dd406edc01491a60f5030
8f09de10-6867-45c6-814d-3d91a33d3af7,f69ff2d8e199577b24064a0d65b33639
8f09de10-6867-45c6-814d-3d91a33d3af7,c52a437cd049fe42fb2cbb5d7b40be63
8f09de10-6867-45c6-814d-3d91a33d3af7,d0b08d7f9a6142a36cf3ab9baa92cc10
8f09de10-6867-45c6-814d-3d91a33d3af7,31838b83ac6aa9c5c2cc2b121b93e12c
8f09de10-6867-45c6-814d-3d91a33d3af7,f4a4cea2496397cd68543a5c0e022698
8f09de10-6867-45c6-814d-3d91a33d3af7,4892847e78c138a3c54a304df19a1ac3
8f09de10-6867-45c6-814d-3d91a33d3af7,a122fc15eb1ecc14d6d9b1b6157c4061
8f09de10-6867-45c6-814d-3d91a33d3af7,73c209a3f9a1573df7fdb4569f323519
8f09de10-6867-45c6-814d-3d91a33d3af7,f01924b518f03ae321ddbeaf500f5a24
8f09de10-6867-45c6-814d-3d91a33d3af7,f7fc84dd9957f44ed1baf3b4c3ea48a5
8f09de10-6867-45c6-814d-3d91a33d3af7,be26171b12553d7cf5ec9f9194e62076
8f09de10-6867-45c6-814d-3d91a33d3af7,3e485b4e87e2cc191aaa31121ff75dfe
8f09de10-6867-45c6-814d-3d91a33d3af7,aa01865ef2a9dd09ab8a7279292a4328
8f09de10-6867-45c6-814d-3d91a33d3af7,9e1eaa47e18181f5a2bb1a036080f75b
8f09de10-6867-45c6-814d-3d91a33d3af7,70e1992e714d8d37cac1930cc1f3e568
8f09de10-6867-45c6-814d-3d91a33d3af7,81edd330c1849cef78ef659eb1f325ea
8f09de10-6867-45c6-814d-3d91a33d3af7,87757133e6fe24c1d23218ddf36f4c18
8f09de10-6867-45c6-814d-3d91a33d3af7,2122f5355219787036a3530ed7f37712
8f09de10-6867-45c6-814d-3d91a33d3af7,81da12f46a6bc199ac2cad0011950ad8
8f09de10-6867-45c6-814d-3d91a33d3af7,e047c1a5f3453097ba38f7e935faffae
8f09de10-6867-45c6-814d-3d91a33d3af7,76dfc21489ede18ab1750000afd7c3f0
8f09de10-6867-45c6-814d-3d91a33d3af7,a2ff080ef2f9d883642bf5e36e6a34cb
8f09de10-6867-45c6-814d-3d91a33d3af7,f5713e6ec295f1ba81dad98c10226148
8f09de10-6867-45c6-814d-3d91a33d3af7,fc321eb97c82e13423dde8691c573cb7
8f09de10-6867-45c6-814d-3d91a33d3af7,c76a8e93c43efe7697c17fbdb4b01bb6
8f09de10-6867-45c6-814d-3d91a33d3af7,cd53564ed13163afa4f84627cb9b8d6b
8f09de10-6867-45c6-814d-3d91a33d3af7,07724658ef08a4dbe99e19c8f4b9c656
8f09de10-6867-45c6-814d-3d91a33d3af7,ca15d4d3e2e1850c3f7afd35e874a0be
8f09de10-6867-45c6-814d-3d91a33d3af7,ee27858b3e60af7f487e8f3ce44a1ac3
8f09de10-6867-45c6-814d-3d91a33d3af7,5fb45432c2646494e2c353a23e2900a1
8f09de10-6867-45c6-814d-3d91a33d3af7,3f76c89d108af066e8ef9b35e9ff82c7
8f09de10-6867-45c6-814d-3d91a33d3af7,fd0e1bfd4b0abce2d38add5b6b493c73
8f09de10-6867-45c6-814d-3d91a33d3af7,1e607ee8adf3970040ca7e151c9ca5a3
8f09de10-6867-45c6-814d-3d91a33d3af7,5e0f7007edd9b88919d67b1a0e87c9d7
8f09de10-6867-45c6-814d-3d91a33d3af7,2827e1e5ab989648bd4bc1bd9aaaa51b
8f09de10-6867-45c6-814d-3d91a33d3af7,176e1b8a2a507573674929b47efa9aab
8f09de10-6867-45c6-814d-3d91a33d3af7,5d15a2cf1edf5184cdc89712f488988f
8f09de10-6867-45c6-814d-3d91a33d3af7,fb95cb1bce1d2516f8f30c195217f57a
8f09de10-6867-45c6-814d-3d91a33d3af7,a45b067d6923bb751d400811cefeec3a
8f09de10-6867-45c6-814d-3d91a33d3af7,43365503f6796e412ffc510c53be655e
8f09de10-6867-45c6-814d-3d91a33d3af7,0f4e97e75865f4adaeda8bde72eff095
8f09de10-6867-45c6-814d-3d91a33d3af7,e7706bc77985e8c149ee2f2ffa949e98
8f09de10-6867-45c6-814d-3d91a33d3af7,f2e07ccbbc099a438f675c241b7fa554
8f09de10-6867-45c6-814d-3d91a33d3af7,345c0b03da7b1911360b02a4c9f0efd2
8f09de10-6867-45c6-814d-3d91a33d3af7,de6a2986c6da47d461fe61382f9218b9
8f09de10-6867-45c6-814d-3d91a33d3af7,3a81762d27732b7d0e9a43ece991ad8c
8f09de10-6867-45c6-814d-3d91a33d3af7,ccb0efef8ad0658b9d659f7b5141f7ac
8f09de10-6867-45c6-814d-3d91a33d3af7,b1787b4b4b8b144f4dd1ef7b30f916d8
8f09de10-6867-45c6-814d-3d91a33d3af7,8de827bac32e77563d7f74f9821db277
8f09de10-6867-45c6-814d-3d91a33d3af7,b4bdd8514667ba7accc56dc1776723c9
8f09de10-6867-45c6-814d-3d91a33d3af7,fed58803984027c7a42b1e9047114c7e
8f09de10-6867-45c6-814d-3d91a33d3af7,392f71be1f2023bdaa7efa18595ebd31
8f09de10-6867-45c6-814d-3d91a33d3af7,ce03c888ebfade56f70d1f22098af61d
8f09de10-6867-45c6-814d-3d91a33d3af7,4ac58d98d7e94deb0493c32e799147bb
8f09de10-6867-45c6-814d-3d91a33d3af7,0727206b3c0894c624793a0961478a6a
8f09de10-6867-45c6-814d-3d91a33d3af7,bc2d2f6db45c95413b4d276f10a7a88e
8f09de10-6867-45c6-814d-3d91a33d3af7,8646cfa1df66baacf430ea6a8ee52181
8f09de10-6867-45c6-814d-3d91a33d3af7,95a8fa4f3f4356ed16ad07eed173aaf4
8f09de10-6867-45c6-814d-3d91a33d3af7,cfcbff3daf73fa4d8f1b4f3d7beb8d62
8f09de10-6867-45c6-814d-3d91a33d3af7,634787adb14de30d88682a618893eccd
8f09de10-6867-45c6-814d-3d91a33d3af7,a660cc056db291906913558a138a4be7
8f09de10-6867-45c6-814d-3d91a33d3af7,2b8675648b3723c9c44afb9f7a3b18fb
8f09de10-6867-45c6-814d-3d91a33d3af7,efe74b97d4b111407a4da20691fdfe24
8f09de10-6867-45c6-814d-3d91a33d3af7,09f2289d78273e01f9bbb48d6639d67e
8f09de10-6867-45c6-814d-3d91a33d3af7,9e6285a55b4a1d7ee3cec892a4423ec3
8f09de10-6867-45c6-814d-3d91a33d3af7,f4f4abf10e7cced18152af1e96b7a65c
8f09de10-6867-45c6-814d-3d91a33d3af7,f147b516c94a8ead68e585d7f20f7bb4
8f09de10-6867-45c6-814d-3d91a33d3af7,65fa27a510492a6b8e64aab0c598acc8
8f09de10-6867-45c6-814d-3d91a33d3af7,133036d26e63a70b5b15060167ff05d1
8f09de10-6867-45c6-814d-3d91a33d3af7,5c7014c61770c7ab27a5431f8c5c1e21
8f09de10-6867-45c6-814d-3d91a33d3af7,e995c737f9bcd9a491ef91e877fbab6a
8f09de10-6867-45c6-814d-3d91a33d3af7,7f24bb22bd5239bf5e568fe7ef465005
8f09de10-6867-45c6-814d-3d91a33d3af7,ddfe85e6dd051d01469952008760c64c
8f09de10-6867-45c6-814d-3d91a33d3af7,b844aae1cd52172d7693e387209f22c3
8f09de10-6867-45c6-814d-3d91a33d3af7,7638a8cc3aee4d6880f35fe85bb1f54c
8f09de10-6867-45c6-814d-3d91a33d3af7,674e5d3bdc0df973ac09292635ca30a6
8f09de10-6867-45c6-814d-3d91a33d3af7,1ac0438a2d539e92f902f3f3f8213b27
8f09de10-6867-45c6-814d-3d91a33d3af7,9456e883be7f4a417454bdeff6270484
8f09de10-6867-45c6-814d-3d91a33d3af7,c043f84324f055c8f8801cab1a3e1c2a
8f09de10-6867-45c6-814d-3d91a33d3af7,c85423662556e0896fe9bc4192d9f48e
8f09de10-6867-45c6-814d-3d91a33d3af7,00610b15727dae0a1434093ba295b1df
8f09de10-6867-45c6-814d-3d91a33d3af7,b74a0cfe3bd93af5d313f6f449c36284
8f09de10-6867-45c6-814d-3d91a33d3af7,6399ead210a87aea72c4dc654ad96725
8f09de10-6867-45c6-814d-3d91a33d3af7,260490f02f9f5cc30d90285397a7cf48
8f09de10-6867-45c6-814d-3d91a33d3af7,9606aa9947e6d063928d6608816ad47e
8f09de10-6867-45c6-814d-3d91a33d3af7,3f276608889246dce9b2267a80373209
8f09de10-6867-45c6-814d-3d91a33d3af7,5aec3cca209d7db596cb493fa6f0f3dc
8f09de10-6867-45c6-814d-3d91a33d3af7,5fd5033ed6adeb5a4ce4bb9e0849eef0
8f09de10-6867-45c6-814d-3d91a33d3af7,4b8c921eb31928fd7301f3a401ebf98d
8f09de10-6867-45c6-814d-3d91a33d3af7,3885e98b6a30f85f0deb4d1c25399a3c
8f09de10-6867-45c6-814d-3d91a33d3af7,c313417164ce54e69e85d4ea8754c47e
8f09de10-6867-45c6-814d-3d91a33d3af7,ab86a9a1cf7881ae7bfc2cad761ab08c
8f09de10-6867-45c6-814d-3d91a33d3af7,6529b1a30317e31791be2615b32576e4
8f09de10-6867-45c6-814d-3d91a33d3af7,a58531d223bab7343f3413d583fb1b29
8f09de10-6867-45c6-814d-3d91a33d3af7,09506d8df19a98000b671a84c211366b
8f09de10-6867-45c6-814d-3d91a33d3af7,39d98cb33a570575978b83d88723335e
8f09de10-6867-45c6-814d-3d91a33d3af7,fb878a38164496c1c924d2ae363eb253
8f09de10-6867-45c6-814d-3d91a33d3af7,fd3761af289ca60aca259c559c8000d2
8f09de10-6867-45c6-814d-3d91a33d3af7,4387051c0839cdb56b737d98db94fd1d
8f09de10-6867-45c6-814d-3d91a33d3af7,68697436b9bd6188761a8199552106b0
8f09de10-6867-45c6-814d-3d91a33d3af7,13375faaeee1bcd6b0f37a8497a9c3be
8f09de10-6867-45c6-814d-3d91a33d3af7,974def58a08dde8a7ac7386323f7867a
8f09de10-6867-45c6-814d-3d91a33d3af7,297cf05fe262103d0087e931d5df2a38
8f09de10-6867-45c6-814d-3d91a33d3af7,71b0ec7210b99a16661478dc27112307
8f09de10-6867-45c6-814d-3d91a33d3af7,0a932c7f6b65f095302f2af8f4c91bfe
8f09de10-6867-45c6-814d-3d91a33d3af7,6d6c4d3d575c1fe21f1f245ccca1015e
8f09de10-6867-45c6-814d-3d91a33d3af7,d0dc005282eb0e4d7ae2f44645dc3d32
8f09de10-6867-45c6-814d-3d91a33d3af7,6abb174398bb3486192835dabb7d1ced
8f09de10-6867-45c6-814d-3d91a33d3af7,8cf986a6e1401cbdee86367d726997ba
8f09de10-6867-45c6-814d-3d91a33d3af7,0ea0aab79ffa03a462c514bca41844f8
8f09de10-6867-45c6-814d-3d91a33d3af7,5f26242510303bbe73485be5b05152d1
8f09de10-6867-45c6-814d-3d91a33d3af7,8b51f8a8280c333fce7b83da716625d6
8f09de10-6867-45c6-814d-3d91a33d3af7,d831eb016e830c7b45d54471009d517a
8f09de10-6867-45c6-814d-3d91a33d3af7,50f07120ad7763649190dee52e4d9cf4
8f09de10-6867-45c6-814d-3d91a33d3af7,a61955c899efbfcb8ba4782ef4b21546
8f09de10-6867-45c6-814d-3d91a33d3af7,61bf153a0a665f86d19a53d08b899b39
8f09de10-6867-45c6-814d-3d91a33d3af7,0a217a2ab654cdbcf6ed34e510d862b2
8f09de10-6867-45c6-814d-3d91a33d3af7,34247a4a9332136e1469c804e546254e
8f09de10-6867-45c6-814d-3d91a33d3af7,2e50bcf051c2b9bbd92c8e8ac75f0382
8f09de10-6867-45c6-814d-3d91a33d3af7,801c26a1bf6f0aa0c10ce602f1b2e5cd
8f09de10-6867-45c6-814d-3d91a33d3af7,720d9c096ebfbf9cefed3b773a4ab108
8f09de10-6867-45c6-814d-3d91a33d3af7,d7f68186712fc87e0a96bfa18db1cd0c
8f09de10-6867-45c6-814d-3d91a33d3af7,9dd792b069354eaf397fd7a1ed0a6d61
8f09de10-6867-45c6-814d-3d91a33d3af7,90de630c02e343f0897ada3eaca953d7
8f09de10-6867-45c6-814d-3d91a33d3af7,e69d2f2788efd1dd5fa27f2209079368
8f09de10-6867-45c6-814d-3d91a33d3af7,b38c79826951c38e60a34097f19d1c24
8f09de10-6867-45c6-814d-3d91a33d3af7,d086c056e46ac74ea772602049b94792
8f09de10-6867-45c6-814d-3d91a33d3af7,9682129fc1bffd7d8b2a671fbdd49378
8f09de10-6867-45c6-814d-3d91a33d3af7,857f51c58a2fe130b4d9e711a4ff012f
8f09de10-6867-45c6-814d-3d91a33d3af7,428a110d91a4527d9422a6678de79890
8f09de10-6867-45c6-814d-3d91a33d3af7,2f52a93cd1e69750a3e97214b41a177c
8f09de10-6867-45c6-814d-3d91a33d3af7,51ce55f1d01d1cef28057f52a228b9fa
8f09de10-6867-45c6-814d-3d91a33d3af7,5778b97ec9c2c2183c4e877968bf831e
8f09de10-6867-45c6-814d-3d91a33d3af7,d3562563a7b34a74702bfef5b9fb3a09
8f09de10-6867-45c6-814d-3d91a33d3af7,8166e30a2a1775efe6a84f2df423dce7
8f09de10-6867-45c6-814d-3d91a33d3af7,077df05eb89696f6cedb559b3ad9236d
8f09de10-6867-45c6-814d-3d91a33d3af7,85785661ff912b43c1862d2b18f7b340
8f09de10-6867-45c6-814d-3d91a33d3af7,3a4aa17a5e150e95c91fb316baa32702
8f09de10-6867-45c6-814d-3d91a33d3af7,cc193a83e56f0a3fc5b3111365d2d78b
8f09de10-6867-45c6-814d-3d91a33d3af7,b2760f6dbff7fab927c881b0a247ae19
8f09de10-6867-45c6-814d-3d91a33d3af7,9bea4ca130df2e2e7308491d3c8206d2
8f09de10-6867-45c6-814d-3d91a33d3af7,fd13e4f3ce010be3dbcf212634f29fdd
8f09de10-6867-45c6-814d-3d91a33d3af7,b3707d23f1d264bdbb2f9b043d96fb7c
8f09de10-6867-45c6-814d-3d91a33d3af7,f67df805ad633553582ee71004b3c1f5
8f09de10-6867-45c6-814d-3d91a33d3af7,f744ddc548f783642c9fae0526013113
8f09de10-6867-45c6-814d-3d91a33d3af7,a278ddcdc27ef184b2b7dcb84b688eda
8f09de10-6867-45c6-814d-3d91a33d3af7,eabb2d83b649b878ac9f1ed58118159c
8f09de10-6867-45c6-814d-3d91a33d3af7,70c58c281134f2e75d8733c5208b3c53
8f09de10-6867-45c6-814d-3d91a33d3af7,920491a9e774efd3d09076a21412d9c6
8f09de10-6867-45c6-814d-3d91a33d3af7,781095a047a3b06ec5e69e4b5cc4ee83
8f09de10-6867-45c6-814d-3d91a33d3af7,1761701a3fe98cef6c0597f44763f373
8f09de10-6867-45c6-814d-3d91a33d3af7,0e4b0b8c90dd6437ab0dc45bc7eddb84
8f09de10-6867-45c6-814d-3d91a33d3af7,4255c0f4931c62936ef448954011fd02
8f09de10-6867-45c6-814d-3d91a33d3af7,879b4899c4a51fe236b496197aa62f99
8f09de10-6867-45c6-814d-3d91a33d3af7,801552021f0ef18e626dac1ad7debceb
8f09de10-6867-45c6-814d-3d91a33d3af7,99d5bb97f2d46a6db49167348ff3940a
8f09de10-6867-45c6-814d-3d91a33d3af7,954fe55a532dac7d9373dd94bf6894a0
8f09de10-6867-45c6-814d-3d91a33d3af7,63971697812cd2fe0f84aea0a1cf2374
8f09de10-6867-45c6-814d-3d91a33d3af7,65bc9215fb4e7f506ff3bd049983a1e5
8f09de10-6867-45c6-814d-3d91a33d3af7,7a1ba697d59c71050fef0e6ede9966a1
8f09de10-6867-45c6-814d-3d91a33d3af7,4f24cffd0c2b898766b1c17c975e8a11
8f09de10-6867-45c6-814d-3d91a33d3af7,1d110f4964ff44425274675d4501a869
8f09de10-6867-45c6-814d-3d91a33d3af7,45483baded9e7309d12377fbd5344f3c
8f09de10-6867-45c6-814d-3d91a33d3af7,54e4f12e03f3fed2cc168f7886c3a853
8f09de10-6867-45c6-814d-3d91a33d3af7,2bf5ea2d9b6010a5e237b4e721be59da
8f09de10-6867-45c6-814d-3d91a33d3af7,b2fe785282e7416dce3e15583f8e8c55
8f09de10-6867-45c6-814d-3d91a33d3af7,03b66f52edd010dbd30e039ff35be861
8f09de10-6867-45c6-814d-3d91a33d3af7,ffa73d3520cf48dbad2c2b6db5bea919
8f09de10-6867-45c6-814d-3d91a33d3af7,3c1a9e1a325c5a5dc0709259f852f2b7
8f09de10-6867-45c6-814d-3d91a33d3af7,fa845a04ac5a790f8d34d8968897b77f
8f09de10-6867-45c6-814d-3d91a33d3af7,f59c26213fd7a6ca8c7f955b9139e20e
8f09de10-6867-45c6-814d-3d91a33d3af7,fa7d7bea14a8ee5f901fe5d8cc1406e3
8f09de10-6867-45c6-814d-3d91a33d3af7,6a3779910268b7d0d03ed3b4680dc04e
8f09de10-6867-45c6-814d-3d91a33d3af7,f683a549a8889a89a24a7e7631821a50
8f09de10-6867-45c6-814d-3d91a33d3af7,8f34c736f41b629f8e7c71cf91083a02
8f09de10-6867-45c6-814d-3d91a33d3af7,5028ec0bf263e331be0b4af14a206812
8f09de10-6867-45c6-814d-3d91a33d3af7,d1e00d976802a03ec8a1652a7423ae39
8f09de10-6867-45c6-814d-3d91a33d3af7,ea14e19d42067642f6955f8e1383c8cc
8f09de10-6867-45c6-814d-3d91a33d3af7,3f10fce911e900e2f3e10fda230eb53d
8f09de10-6867-45c6-814d-3d91a33d3af7,47d52d6d7ed19500b6373ec99b79030e
8f09de10-6867-45c6-814d-3d91a33d3af7,38304cda527e45ec13e77ebc2d428126
8f09de10-6867-45c6-814d-3d91a33d3af7,fc5deb87ce0e91756f436452fd76363a
8f09de10-6867-45c6-814d-3d91a33d3af7,e0c755d7b9f6cec449e411de01bae6fd
8f09de10-6867-45c6-814d-3d91a33d3af7,13ad31037fad25926964ad3ad6ab9bb5
8f09de10-6867-45c6-814d-3d91a33d3af7,2964a476c3dbf7e5d4ef1afc3a74101a
8f09de10-6867-45c6-814d-3d91a33d3af7,b6aa0d809cd91db86e66795c8879a8ac
8f09de10-6867-45c6-814d-3d91a33d3af7,c8155ee18dadafe4e5515cf96df749d4
8f09de10-6867-45c6-814d-3d91a33d3af7,67b37051efa03a3d794fbb024b84ba3e
8f09de10-6867-45c6-814d-3d91a33d3af7,19aeb97546839e0533dec02b4c4e8c18
8f09de10-6867-45c6-814d-3d91a33d3af7,34f448acb3dce7cf0e8fc6cf3fbeb4a9
8f09de10-6867-45c6-814d-3d91a33d3af7,40b9f807d030c5418d3d1f7c59ef71db
8f09de10-6867-45c6-814d-3d91a33d3af7,c789b094cff246aefb52ca86e46ed674
8f09de10-6867-45c6-814d-3d91a33d3af7,43150104af609922e0de2074ecec9e88
8f09de10-6867-45c6-814d-3d91a33d3af7,6fe099fb39facf70dcc65066e63da939
8f09de10-6867-45c6-814d-3d91a33d3af7,8de3b4b57b159d3966b97fba720ce255
8f09de10-6867-45c6-814d-3d91a33d3af7,e51eb0920b8c3e56359d83a8c35af296
8f09de10-6867-45c6-814d-3d91a33d3af7,10145a366049a30d1514842065ef4f60
8f09de10-6867-45c6-814d-3d91a33d3af7,06de47633216c32f1bfe0f469804cc1b
8f09de10-6867-45c6-814d-3d91a33d3af7,4b49c86f05b9b63af683420789190454
8f09de10-6867-45c6-814d-3d91a33d3af7,f55e4212a3faee2bc3143ded6c41c9d6
8f09de10-6867-45c6-814d-3d91a33d3af7,3ed35d1b96f146b48e4f527d8629d9c7
8f09de10-6867-45c6-814d-3d91a33d3af7,e5078fcc3d3f26498b8f5c38afd59c90
8f09de10-6867-45c6-814d-3d91a33d3af7,a3b1c8448b2969d8303c4fb66f64add4
8f09de10-6867-45c6-814d-3d91a33d3af7,9372a74a1126f54a7ca4afe18f094d15
8f09de10-6867-45c6-814d-3d91a33d3af7,ef35f791faab31abee10b32d0416b902
8f09de10-6867-45c6-814d-3d91a33d3af7,9e9b5717198b1a8254f4dd3aaccc5e90
8f09de10-6867-45c6-814d-3d91a33d3af7,b88e89696df6baa284fd4abfe39cc4b5
8f09de10-6867-45c6-814d-3d91a33d3af7,a709940dc68beae652d93be9903575c4
8f09de10-6867-45c6-814d-3d91a33d3af7,149ee65fcf339ed9631026edf5a4ffa2
8f09de10-6867-45c6-814d-3d91a33d3af7,bfb74e3b09921369bc549878cc9d35ad
8f09de10-6867-45c6-814d-3d91a33d3af7,14c45b4adc90aae7c9defdf5a8650161
8f09de10-6867-45c6-814d-3d91a33d3af7,1e007cf8e94aa873f9cea4ce0ec47ece
8f09de10-6867-45c6-814d-3d91a33d3af7,5eb2628720f3621cd72a856d92aabf4b
8f09de10-6867-45c6-814d-3d91a33d3af7,9b13dde0db1b91bea1c7c488d7ec8f0a
8f09de10-6867-45c6-814d-3d91a33d3af7,e9763db5c20d9a46cd700a1092a5574b
8f09de10-6867-45c6-814d-3d91a33d3af7,1444c11f11f6218e0862a012d2026c2f
8f09de10-6867-45c6-814d-3d91a33d3af7,05b1971ddb48f7272f72e1d07d37fca9
8f09de10-6867-45c6-814d-3d91a33d3af7,e58abd019979f86e3009f8135d5e4e9e
8f09de10-6867-45c6-814d-3d91a33d3af7,ad5e1df474cb48797ea323121327910f
8f09de10-6867-45c6-814d-3d91a33d3af7,43d7bedc51d9c35a66b67bc49028f618
8f09de10-6867-45c6-814d-3d91a33d3af7,b099df64721766aefbf4fc30eb234e12
8f09de10-6867-45c6-814d-3d91a33d3af7,78d772361e2fd74c0c574be656da0dd1
8f09de10-6867-45c6-814d-3d91a33d3af7,36f34200a301438eae661f66fd30da10
8f09de10-6867-45c6-814d-3d91a33d3af7,d5b7bf62629cb5ae98b7b1e2641f844e
8f09de10-6867-45c6-814d-3d91a33d3af7,8d5fa9f921f2975726d3fd3fad40a125
8f09de10-6867-45c6-814d-3d91a33d3af7,90ee377c870382c03981d7e31a485162
8f09de10-6867-45c6-814d-3d91a33d3af7,bc5df62906e12fd338f3632036fc0610
8f09de10-6867-45c6-814d-3d91a33d3af7,5109e7586c7d652389a2b0f82c36913a
8f09de10-6867-45c6-814d-3d91a33d3af7,37299b04e6e0ef9b9eb116270031a9a7
8f09de10-6867-45c6-814d-3d91a33d3af7,f09d93c93e693c3bce6d2f1dcf531c11
8f09de10-6867-45c6-814d-3d91a33d3af7,256e6e1f5221c566abec419dd62b01ac
8f09de10-6867-45c6-814d-3d91a33d3af7,553220d4d469e06afb5652bf432f4be0
8f09de10-6867-45c6-814d-3d91a33d3af7,2ec90a4a1b498f86f90b620aa1be7e33
8f09de10-6867-45c6-814d-3d91a33d3af7,c00b4dd11ee1cd7ba1840835ad192046
8f09de10-6867-45c6-814d-3d91a33d3af7,e7e88e05c5ab050f62de968002dc8b6c
8f09de10-6867-45c6-814d-3d91a33d3af7,8ec7f1272032cb56a995b817f1cc4d9d
8f09de10-6867-45c6-814d-3d91a33d3af7,4dab2a25c802fe98cd39376412fbb6fa
8f09de10-6867-45c6-814d-3d91a33d3af7,a769126e9a5816d49a31bf954ad7b5d2
8f09de10-6867-45c6-814d-3d91a33d3af7,b656233425ae564f2345a17aadd5dfc8
8f09de10-6867-45c6-814d-3d91a33d3af7,0ff14c17b0da5077a76a043a9d8ba6fc
8f09de10-6867-45c6-814d-3d91a33d3af7,d4ef06b302997f8fb64466074b667f60
8f09de10-6867-45c6-814d-3d91a33d3af7,2d22a1ebad987ce4d2b06649ea530587
8f09de10-6867-45c6-814d-3d91a33d3af7,a80a4fe775873bf0a88cf383280483fa
8f09de10-6867-45c6-814d-3d91a33d3af7,6fd3510f197642306ff53911dff1dd85
8f09de10-6867-45c6-814d-3d91a33d3af7,72c54a7cb4e00d9937921748184f0b8f
8f09de10-6867-45c6-814d-3d91a33d3af7,50e8f7767b13b7fd87aa05d56ff341ab
8f09de10-6867-45c6-814d-3d91a33d3af7,7102a516827a2ac54739e483d95afe7d
8f09de10-6867-45c6-814d-3d91a33d3af7,d619b6d9477bed3c51ff282a3b660105
8f09de10-6867-45c6-814d-3d91a33d3af7,a1c99ab6bd268b95f37f315b07003c3c
8f09de10-6867-45c6-814d-3d91a33d3af7,de1f38e2b3aeb585eba6761a21991c45
8f09de10-6867-45c6-814d-3d91a33d3af7,22c85ee102eb5af41bb7f527d3b9d15a
8f09de10-6867-45c6-814d-3d91a33d3af7,edcc9e136a90d2b811e06658fa7a029a
8f09de10-6867-45c6-814d-3d91a33d3af7,bdfe224d799279acc5f40459d8e92815
8f09de10-6867-45c6-814d-3d91a33d3af7,dfe1fee11aabe5b326d17ae781aaeaea
8f09de10-6867-45c6-814d-3d91a33d3af7,0440cc9d7de4c6f6288fa2df5e86539c
8f09de10-6867-45c6-814d-3d91a33d3af7,6eab6e254b64beded53123addf68c4b8
8f09de10-6867-45c6-814d-3d91a33d3af7,64d45b99aa5c46606202289882049d13
8f09de10-6867-45c6-814d-3d91a33d3af7,22aa909a4d74f531449fa54fd6d962e5
8f09de10-6867-45c6-814d-3d91a33d3af7,958d2c662de7930a313ca0869b32018d
8f09de10-6867-45c6-814d-3d91a33d3af7,54a08cc49865f7e8fe13fa2445c1772e
8f09de10-6867-45c6-814d-3d91a33d3af7,2d6f844a46070189bc0229a919488e11
8f09de10-6867-45c6-814d-3d91a33d3af7,527afb9cde5ce7e2dd65447fa3f54c84
8f09de10-6867-45c6-814d-3d91a33d3af7,0a3c998fa94f5205e37f88cbf832ee06
8f09de10-6867-45c6-814d-3d91a33d3af7,71256e1fa4ccc6d9da664d5968263e1b
8f09de10-6867-45c6-814d-3d91a33d3af7,074d3be269b947188716af52c9eedb38
8f09de10-6867-45c6-814d-3d91a33d3af7,1ce745fd9c5891c6d7be1bc0c09ff105
8f09de10-6867-45c6-814d-3d91a33d3af7,cc5a8956f4944a3d955f683f41ff1b4c
8f09de10-6867-45c6-814d-3d91a33d3af7,8bc60a8ed076e4b4e3cc5939bf6db37f
8f09de10-6867-45c6-814d-3d91a33d3af7,c65553febf5f40b1fdf5ba85f2c1e51f
8f09de10-6867-45c6-814d-3d91a33d3af7,2331d8c4fedd940fe069040f368564db
8f09de10-6867-45c6-814d-3d91a33d3af7,71b35d18eeb65eb6e2e231ef2405033e
8f09de10-6867-45c6-814d-3d91a33d3af7,61dd0bc0091299e6254573b891610ac1
8f09de10-6867-45c6-814d-3d91a33d3af7,9c5d5b7456e61f18b83eef99b62e12f7
8f09de10-6867-45c6-814d-3d91a33d3af7,8865c0d002bd1be340bdaa9a977707be
8f09de10-6867-45c6-814d-3d91a33d3af7,1ee50ccb6033ffccdc9f36d7934eabd5
8f09de10-6867-45c6-814d-3d91a33d3af7,c435ada9c1395ce15098ade16c8c7f93
8f09de10-6867-45c6-814d-3d91a33d3af7,ea396a3a156c614d37dc2c51e99458f6
8f09de10-6867-45c6-814d-3d91a33d3af7,721f1338b6e2f8225c93523d529b3881
8f09de10-6867-45c6-814d-3d91a33d3af7,2f6a43bad0edd12cde4fc034f23b3afd
8f09de10-6867-45c6-814d-3d91a33d3af7,084ae868e4f33d1810aa0160fd3984d6
8f09de10-6867-45c6-814d-3d91a33d3af7,90a316ae9e3fc0ab71359ac04d3cc361
8f09de10-6867-45c6-814d-3d91a33d3af7,652dae188bd10c7c95252d35776d7d47
8f09de10-6867-45c6-814d-3d91a33d3af7,6f4d7a970cee342e6d56bcd58c6a1b44
8f09de10-6867-45c6-814d-3d91a33d3af7,c41cd02df92cba52b763d80d4edd32f9
8f09de10-6867-45c6-814d-3d91a33d3af7,1af30a8e44715886f5b0309248580a23
8f09de10-6867-45c6-814d-3d91a33d3af7,6850a2ee604b2b806925679d86d11b2a
8f09de10-6867-45c6-814d-3d91a33d3af7,25b72a245960a1db1bbf508b485bd422
8f09de10-6867-45c6-814d-3d91a33d3af7,e49730d082ed65240699a1768d82790b
8f09de10-6867-45c6-814d-3d91a33d3af7,1cd241642b51bff050faa3f271e00b24
8f09de10-6867-45c6-814d-3d91a33d3af7,b348db2db881e28ecc5ceff8bf07ace3
8f09de10-6867-45c6-814d-3d91a33d3af7,9054de4c0d0b6b89cc5441ce906ea90c
8f09de10-6867-45c6-814d-3d91a33d3af7,a4ac0b75f6573ee8965c397414c771ae
8f09de10-6867-45c6-814d-3d91a33d3af7,05e6507d87b6a5ce12cc590e26a4f02e
8f09de10-6867-45c6-814d-3d91a33d3af7,45a71a74a9941983a01120db61b7a5b0
8f09de10-6867-45c6-814d-3d91a33d3af7,0e32603f67f1c18634e4e40a27705f61
8f09de10-6867-45c6-814d-3d91a33d3af7,9d824dcb40d56d290ac1058614064cbc
8f09de10-6867-45c6-814d-3d91a33d3af7,b8a5f99b4cc94af438fef22a52bca1b2
8f09de10-6867-45c6-814d-3d91a33d3af7,73f0515174749340b27f7d2a7b800ee8
8f09de10-6867-45c6-814d-3d91a33d3af7,a821a72775075f77b7270b8b54aa68fd
8f09de10-6867-45c6-814d-3d91a33d3af7,188a27e936c7452e02a8d46b47405926
8f09de10-6867-45c6-814d-3d91a33d3af7,92dfc95921b06ec3e75e075539954e59
8f09de10-6867-45c6-814d-3d91a33d3af7,a7f14e685e5c739e492d89de9c6d946e
8f09de10-6867-45c6-814d-3d91a33d3af7,aafc72b43b597eef178ff57e15903aa9
8f09de10-6867-45c6-814d-3d91a33d3af7,2dec9de630b77be1459d018e5938eace
8f09de10-6867-45c6-814d-3d91a33d3af7,562053d1150045504dba5ad55afc6e49
8f09de10-6867-45c6-814d-3d91a33d3af7,468dc83cedf2a4f84472f5cf78ff21d7
8f09de10-6867-45c6-814d-3d91a33d3af7,39fbf8faf5d9345043590a29803abdca
8f09de10-6867-45c6-814d-3d91a33d3af7,13523f1b458da8a1e50991148395cc75
8f09de10-6867-45c6-814d-3d91a33d3af7,ebe8ca88dd3cbe32cdbe326319b7de55
8f09de10-6867-45c6-814d-3d91a33d3af7,9262dce3db1255559d357efc7a795e93
8f09de10-6867-45c6-814d-3d91a33d3af7,e2a70307293c3a709f613b9fa7df826a
8f09de10-6867-45c6-814d-3d91a33d3af7,a6c2636ef51ce83ae72af968d1d2dafd
8f09de10-6867-45c6-814d-3d91a33d3af7,4fc845f9a82f8b380f24d64fac0b8588
8f09de10-6867-45c6-814d-3d91a33d3af7,044757f276b466c4433c6f2273b44e92
8f09de10-6867-45c6-814d-3d91a33d3af7,302ba815bce7e95a236558a0a46095f3
8f09de10-6867-45c6-814d-3d91a33d3af7,a04d73287e077742911b9f8e0f4ce037
8f09de10-6867-45c6-814d-3d91a33d3af7,7522ad0a49f608d8bb93312604483b39
8f09de10-6867-45c6-814d-3d91a33d3af7,18bb6785722441c3293ba73c1093c3fa
8f09de10-6867-45c6-814d-3d91a33d3af7,f4f380bd8c8059af0160e759b2ef3366
8f09de10-6867-45c6-814d-3d91a33d3af7,67061a591c3057a89237664959367afb
8f09de10-6867-45c6-814d-3d91a33d3af7,26b6405c6c45fbf5cf13826cf9a6ba9f
8f09de10-6867-45c6-814d-3d91a33d3af7,e6c5af8e9cb41ed90b5061dbf59bc22f
8f09de10-6867-45c6-814d-3d91a33d3af7,9c03d72e03df9e08a8043882af200838
8f09de10-6867-45c6-814d-3d91a33d3af7,a144bb76685de7e17c125d63593b3284
8f09de10-6867-45c6-814d-3d91a33d3af7,30526a0bdbb777daacde9ad7c93c2d07
8f09de10-6867-45c6-814d-3d91a33d3af7,88a521d2823ca02d1a995b45b671095e
8f09de10-6867-45c6-814d-3d91a33d3af7,2083065f1650d810b179f2482d042ac7
8f09de10-6867-45c6-814d-3d91a33d3af7,1e4d88dbc847b406e0c755bee456937d
8f09de10-6867-45c6-814d-3d91a33d3af7,889a0746080a93e5b9827a437b7457c5
8f09de10-6867-45c6-814d-3d91a33d3af7,2194fd52f0bc4e58edc7196da40dc894
8f09de10-6867-45c6-814d-3d91a33d3af7,e0ed5f85c819714cb3b97e6fd516fa1b
8f09de10-6867-45c6-814d-3d91a33d3af7,1378a5cbec0dff09bb344b8c2735405b
8f09de10-6867-45c6-814d-3d91a33d3af7,d77e465d0920dcccb0daaf4d2afe9678
8f09de10-6867-45c6-814d-3d91a33d3af7,8bb1ca94dd586e28760e39ef79d5dc22
8f09de10-6867-45c6-814d-3d91a33d3af7,ae51b02f6e800bcb9aeadd8e8bb3ab30
8f09de10-6867-45c6-814d-3d91a33d3af7,fa575a6ab5a5ce3a82ed6ba6396bb504
8f09de10-6867-45c6-814d-3d91a33d3af7,f9cd81c557efeb3136bc714614ab4762
8f09de10-6867-45c6-814d-3d91a33d3af7,67867c52f910d0be2258cf3c4aefe5fd
8f09de10-6867-45c6-814d-3d91a33d3af7,80626a6100c39a3b66045273524ae93f
8f09de10-6867-45c6-814d-3d91a33d3af7,cb0b53362e77f51c3229da9013290983
8f09de10-6867-45c6-814d-3d91a33d3af7,68140fc3e5fa17a8e91982ae56ce6393
8f09de10-6867-45c6-814d-3d91a33d3af7,e154db5a0a3b654ec62c9393d003c757
8f09de10-6867-45c6-814d-3d91a33d3af7,dc9b5dc6a09faac61fd3972f4b5c4b82
8f09de10-6867-45c6-814d-3d91a33d3af7,fe3f088344aca7ef0edf61d204ece475
8f09de10-6867-45c6-814d-3d91a33d3af7,f42bed5d003eabf7934e0429f898c452
8f09de10-6867-45c6-814d-3d91a33d3af7,cbe284ae5257a7e5402499b57ca75fae
8f09de10-6867-45c6-814d-3d91a33d3af7,3ffbb441434cff00c7c20ae6c7d71715
8f09de10-6867-45c6-814d-3d91a33d3af7,ddb49fe7735271db7b5c2c6f5e2311c1
8f09de10-6867-45c6-814d-3d91a33d3af7,765c92b56e945adc6805ac03308be37b
8f09de10-6867-45c6-814d-3d91a33d3af7,043ba14c1d35db6fc2e8558fa01cf27d
8f09de10-6867-45c6-814d-3d91a33d3af7,a0d19284cc9b6412390a0ab446f2ddab
8f09de10-6867-45c6-814d-3d91a33d3af7,3bc4b9a411d8a230e82583492dc4de2f
8f09de10-6867-45c6-814d-3d91a33d3af7,72a3a543fc06c13ddb62e87141b5fa4f
8f09de10-6867-45c6-814d-3d91a33d3af7,b50aafb43f1026166364a38229944a8c
8f09de10-6867-45c6-814d-3d91a33d3af7,9cb4cdf62bbdc109e0c7f3660f2a0367
8f09de10-6867-45c6-814d-3d91a33d3af7,9d7c275e92de2604ed68ff501f70e416
8f09de10-6867-45c6-814d-3d91a33d3af7,8f95d1db6d1182a915891146140a2347
8f09de10-6867-45c6-814d-3d91a33d3af7,d2cbdb916ade16a58b3251e909572db6
8f09de10-6867-45c6-814d-3d91a33d3af7,900b8b3c040ac110e2947a26b826a6e0
8f09de10-6867-45c6-814d-3d91a33d3af7,ad23f21f3afe1946b7c5e99e8b1a4593
8f09de10-6867-45c6-814d-3d91a33d3af7,ea403d033f3a7aad17010cdcc41fa532
8f09de10-6867-45c6-814d-3d91a33d3af7,7c52e2fbdb08004c6526da8df2ff7601
8f09de10-6867-45c6-814d-3d91a33d3af7,13dfe5189297ca23c544a0127ac3c01f
8f09de10-6867-45c6-814d-3d91a33d3af7,19f9a3272533ee3af7ea37bb184c77e2
8f09de10-6867-45c6-814d-3d91a33d3af7,b6460501ec8a32f8822ba826b7145344
8f09de10-6867-45c6-814d-3d91a33d3af7,0917325f5c5612bb3fc7957e8dba73e0
8f09de10-6867-45c6-814d-3d91a33d3af7,e7afac3416e506a799721bc65e57ae4c
8f09de10-6867-45c6-814d-3d91a33d3af7,ccafeb6f958378c6fa58278f7609dbde
8f09de10-6867-45c6-814d-3d91a33d3af7,bb15e9b62e2d1928147949dcce3b40d5
8f09de10-6867-45c6-814d-3d91a33d3af7,1db19bb6a3571e7aed87461f7b2b697f
8f09de10-6867-45c6-814d-3d91a33d3af7,28dfc837738e526c0765569e54d45428
8f09de10-6867-45c6-814d-3d91a33d3af7,750f9f4fb71a158354d540b305553ed7
8f09de10-6867-45c6-814d-3d91a33d3af7,bb1e852a3a1a6815716bac5671573ac8
8f09de10-6867-45c6-814d-3d91a33d3af7,71babf322bcc895a95a82f9cffea86ec
8f09de10-6867-45c6-814d-3d91a33d3af7,3383efe9d456f53b008dcae3839e83cd
8f09de10-6867-45c6-814d-3d91a33d3af7,c74f9a9500eb07514bdbf192fce367cf
8f09de10-6867-45c6-814d-3d91a33d3af7,475e66412134b916881b5b9ad81762b3
8f09de10-6867-45c6-814d-3d91a33d3af7,9d4e3c22c23ef2e66800b7d15c311e44
8f09de10-6867-45c6-814d-3d91a33d3af7,a47d820390c9e88859f969ba445865fb
8f09de10-6867-45c6-814d-3d91a33d3af7,d50c8f2c9233d76ea01582ab04d0ea80
8f09de10-6867-45c6-814d-3d91a33d3af7,db10437c82f9d54642b4a32fddcd4f19
8f09de10-6867-45c6-814d-3d91a33d3af7,b6de49683147b7298b90f35bffb7bfe6
8f09de10-6867-45c6-814d-3d91a33d3af7,3faee0b8b47559a31d467f9c533f90b5
8f09de10-6867-45c6-814d-3d91a33d3af7,b39af4670fab43a3dc918570aaca5fb2
8f09de10-6867-45c6-814d-3d91a33d3af7,563be458be06524e179eecd043171fb8
8f09de10-6867-45c6-814d-3d91a33d3af7,920e078d56d22ad1b5f7c8d6ef46f3f7
8f09de10-6867-45c6-814d-3d91a33d3af7,3a659da5ae80550b2d1525324a999184
8f09de10-6867-45c6-814d-3d91a33d3af7,587e8b09d241274fd8497d4ea231820c
8f09de10-6867-45c6-814d-3d91a33d3af7,7b00fc92cb4b7b947e358c25a3ce29e9
8f09de10-6867-45c6-814d-3d91a33d3af7,71a45d92177ae07a1c97ef190c697852
8f09de10-6867-45c6-814d-3d91a33d3af7,c93e4214e107f943b5e4670a5a2da551
8f09de10-6867-45c6-814d-3d91a33d3af7,e2dc59b218c74012986ff4f6ef2b64b4
8f09de10-6867-45c6-814d-3d91a33d3af7,9ce6702a1ff83daf30e02f027133c221
8f09de10-6867-45c6-814d-3d91a33d3af7,4a2c9899f136a82d75e09dde6fd26609
8f09de10-6867-45c6-814d-3d91a33d3af7,08471c41eb053e834575220570c94ac3
8f09de10-6867-45c6-814d-3d91a33d3af7,049b7f08a1521d54a61a5729c01acee9
8f09de10-6867-45c6-814d-3d91a33d3af7,781ff4bfcfbed546414a5d60d1e0e9a8
8f09de10-6867-45c6-814d-3d91a33d3af7,43965dfc1d9898af77fcfebbc598524a
8f09de10-6867-45c6-814d-3d91a33d3af7,3d88ed7dd58e5b53925ee70c6403e829
8f09de10-6867-45c6-814d-3d91a33d3af7,25c0d9dbf76f5d2ca6341c805ea73bcf
8f09de10-6867-45c6-814d-3d91a33d3af7,c1fc439c49ba80d36821f08750bac4db
8f09de10-6867-45c6-814d-3d91a33d3af7,4b5ddfa5b1e6ecfcaed84613c0426c3a
8f09de10-6867-45c6-814d-3d91a33d3af7,23345892624cccc3db86b0743dd1da7b
8f09de10-6867-45c6-814d-3d91a33d3af7,9a32ab5dec89cd93e822ec339f340875
8f09de10-6867-45c6-814d-3d91a33d3af7,14f8f0360cf6b1cf271cfbdff7b5ee0e
8f09de10-6867-45c6-814d-3d91a33d3af7,43a794762f7abe0310bbaf6aebb777fe
8f09de10-6867-45c6-814d-3d91a33d3af7,a80d23313874fcd77b413ad0634fd700
8f09de10-6867-45c6-814d-3d91a33d3af7,fbbdfbd07180e1caa26db33e0a83745a
8f09de10-6867-45c6-814d-3d91a33d3af7,e28f7dbe34dd37d36853e21d4c575b2f
8f09de10-6867-45c6-814d-3d91a33d3af7,f1e998a9a8ad23385037413ed19dc94a
8f09de10-6867-45c6-814d-3d91a33d3af7,ef7b312a3d36e20f5039f2f72be668aa
8f09de10-6867-45c6-814d-3d91a33d3af7,5a3e730b4717652d4e50958d32abe633
8f09de10-6867-45c6-814d-3d91a33d3af7,046b31c3492ca60663b3de72f49e8b27
8f09de10-6867-45c6-814d-3d91a33d3af7,4cae474bfa4601adff5dc4ab37c72563
8f09de10-6867-45c6-814d-3d91a33d3af7,e616139fc5c460c07800a303a76cfe33
8f09de10-6867-45c6-814d-3d91a33d3af7,fde6f6783a1cf33c124be3ccf71dedb7
8f09de10-6867-45c6-814d-3d91a33d3af7,2080c5182b7c6adfd0fe8164025294df
8f09de10-6867-45c6-814d-3d91a33d3af7,1ae6ce1030010af50e88ca166bd77deb
8f09de10-6867-45c6-814d-3d91a33d3af7,2ba1b0709d1ecd2cac250afdf1b0f8fb
8f09de10-6867-45c6-814d-3d91a33d3af7,dca8961890786894a02b6ea84632d058
8f09de10-6867-45c6-814d-3d91a33d3af7,5a227400a318d909794c60ebe04bc0d7
8f09de10-6867-45c6-814d-3d91a33d3af7,32dda8736a0dc88fa1f1dd09c6f5bd28
8f09de10-6867-45c6-814d-3d91a33d3af7,f4c7cab003709b769044167b0f27fe5f
8f09de10-6867-45c6-814d-3d91a33d3af7,3b7e08d5483a1a0e596befe7692a8cee
8f09de10-6867-45c6-814d-3d91a33d3af7,ba69d7f2e2295253b7fd1e50275c0631
8f09de10-6867-45c6-814d-3d91a33d3af7,673d23acea691b647006d305e4e760e7
8f09de10-6867-45c6-814d-3d91a33d3af7,beb787843488f0743955541e982bfd2c
8f09de10-6867-45c6-814d-3d91a33d3af7,38c9c365132590834372402d3902bc73
8f09de10-6867-45c6-814d-3d91a33d3af7,4167c297f87c3035dc93a73bd395f321
8f09de10-6867-45c6-814d-3d91a33d3af7,01210887a249e5a3d7830c3a524a9d6b
8f09de10-6867-45c6-814d-3d91a33d3af7,261428be7c3a12a57d99c96709581bd2
8f09de10-6867-45c6-814d-3d91a33d3af7,cda06befdca1c6052476e5d3e71c8723
8f09de10-6867-45c6-814d-3d91a33d3af7,5ba9c29c279fc7b393d86835b9f4c06c
8f09de10-6867-45c6-814d-3d91a33d3af7,7b4cf427494c5088854018b97b685dbd
8f09de10-6867-45c6-814d-3d91a33d3af7,69bdca64854b35d5ef972c6d81c1029e
8f09de10-6867-45c6-814d-3d91a33d3af7,a2e2a76cfa1e8a02a8121d254b82de6a
8f09de10-6867-45c6-814d-3d91a33d3af7,7fe92f65821cd989593bcaf60f444a29
8f09de10-6867-45c6-814d-3d91a33d3af7,60a4529771c23481c6ff0e2fdf25102a
8f09de10-6867-45c6-814d-3d91a33d3af7,1098741b6a6bd18b95197dc36de6a704
8f09de10-6867-45c6-814d-3d91a33d3af7,208431eeffa686e43305ebd59f615b9d
8f09de10-6867-45c6-814d-3d91a33d3af7,f5b06bf63bd0f224767d870bd1bcc38c
8f09de10-6867-45c6-814d-3d91a33d3af7,190397f58517c28af03c27dd2813139b
8f09de10-6867-45c6-814d-3d91a33d3af7,ade7e41123f60712a5b13a94f0ae564e
8f09de10-6867-45c6-814d-3d91a33d3af7,70580839820f0a4c1209017a63dc23cd
8f09de10-6867-45c6-814d-3d91a33d3af7,8ee82ccdb3d78d50a9c0be8571492959
8f09de10-6867-45c6-814d-3d91a33d3af7,1f0d9ba79dc2d21bdb595ad44d295ec8
8f09de10-6867-45c6-814d-3d91a33d3af7,8cd952ddc05c98aa40a487b2b16b33d3
8f09de10-6867-45c6-814d-3d91a33d3af7,c38b35ed0ec9151637eb845f6cc97a39
8f09de10-6867-45c6-814d-3d91a33d3af7,af99f3230939cdd3d7b5be99c05abef0
8f09de10-6867-45c6-814d-3d91a33d3af7,14114c952538db03bd15e233352469e5
8f09de10-6867-45c6-814d-3d91a33d3af7,4e85e47d7dd070034e36d6af7fff5757
8f09de10-6867-45c6-814d-3d91a33d3af7,ba2fe28714231ae2c2c711dcb7587d29
8f09de10-6867-45c6-814d-3d91a33d3af7,cc8486773754ab0a738b5e09d7211cfc
8f09de10-6867-45c6-814d-3d91a33d3af7,17426d0482534d4e2824cd23dde859d1
8f09de10-6867-45c6-814d-3d91a33d3af7,ee5fbce9e69ab10ca04d9c53f2f91f21
8f09de10-6867-45c6-814d-3d91a33d3af7,0cec4d89bd996f407b720da743a13175
8f09de10-6867-45c6-814d-3d91a33d3af7,24ca2ae348c3b70feb646bad8c3d3025
8f09de10-6867-45c6-814d-3d91a33d3af7,2c78bb5b1d67b288f0c3f0fe745fdcfa
8f09de10-6867-45c6-814d-3d91a33d3af7,1c6516f9724fbe1511fe3bb0edee2b7a
8f09de10-6867-45c6-814d-3d91a33d3af7,466a1c7db6b4b4613ce4cc23db4397dd
8f09de10-6867-45c6-814d-3d91a33d3af7,d9a081855a8eea9626c39714792b2297
8f09de10-6867-45c6-814d-3d91a33d3af7,9e36962ae5a3fbe9e9c9db5da1445dfd
8f09de10-6867-45c6-814d-3d91a33d3af7,8ad2a305343dd5776baefa84270cc671
8f09de10-6867-45c6-814d-3d91a33d3af7,79b6becb2422287ff69ffb97bd83e85b
8f09de10-6867-45c6-814d-3d91a33d3af7,f46357ec05fa9f573c0ad9a90627ddf9
8f09de10-6867-45c6-814d-3d91a33d3af7,999f2137ed235cb68cd0f27ff15a47b5
8f09de10-6867-45c6-814d-3d91a33d3af7,f561dc88e827c16d59cc262b3f3790e2
8f09de10-6867-45c6-814d-3d91a33d3af7,4842e765b07aacb9e80339bc1fe3a47a
8f09de10-6867-45c6-814d-3d91a33d3af7,b26dea1e8454db21b161fae451632397
8f09de10-6867-45c6-814d-3d91a33d3af7,f7a01e1c2d00c89aab2e0b9c06b125b6
8f09de10-6867-45c6-814d-3d91a33d3af7,af8d518fbb45993ba472077367830b23
8f09de10-6867-45c6-814d-3d91a33d3af7,f41a2bd79ac16ce1025c118026b115b1
8f09de10-6867-45c6-814d-3d91a33d3af7,4e298a48ed8c12ca89d6988b3c06bf10
8f09de10-6867-45c6-814d-3d91a33d3af7,7b79a29facde572abc309c526491b886
8f09de10-6867-45c6-814d-3d91a33d3af7,6a53c15b59d696d88a6673f3cab9e9d7
8f09de10-6867-45c6-814d-3d91a33d3af7,ddd4efcb17f5574c7553cfd2dc27ba65
8f09de10-6867-45c6-814d-3d91a33d3af7,29c3c39cbc56605b6f3452f7766a7166
8f09de10-6867-45c6-814d-3d91a33d3af7,bfa09f5c838db4da5639f158d14e5573
8f09de10-6867-45c6-814d-3d91a33d3af7,65fc5a556aac589b6418e5065d1441d3
8f09de10-6867-45c6-814d-3d91a33d3af7,310c0ac442e72fd7e602909f83824455
8f09de10-6867-45c6-814d-3d91a33d3af7,6defd8d0efa482b00f849994e351a29d
8f09de10-6867-45c6-814d-3d91a33d3af7,5d41a4f99786534ba44231ade4df8269
8f09de10-6867-45c6-814d-3d91a33d3af7,7e128ba2314506243ad8564d894323a4
8f09de10-6867-45c6-814d-3d91a33d3af7,4f94ff0134b5926e7a92c500693ef4d6
8f09de10-6867-45c6-814d-3d91a33d3af7,5f2df1a8ec1566b079f9ed574674c6f7
8f09de10-6867-45c6-814d-3d91a33d3af7,9617f9e0bbee5d114a916162fe4047f8
8f09de10-6867-45c6-814d-3d91a33d3af7,b707853561155c639bf1830a26857190
8f09de10-6867-45c6-814d-3d91a33d3af7,f533f0ac9645e1e6012679b1ac09ca9d
8f09de10-6867-45c6-814d-3d91a33d3af7,8402fd93ef1def923c6f05785cb28562
8f09de10-6867-45c6-814d-3d91a33d3af7,ac9c05d57be5e66267e85f65f0b02e5c
8f09de10-6867-45c6-814d-3d91a33d3af7,36a8cb2b65cdcd6a181b219bda4b8130
8f09de10-6867-45c6-814d-3d91a33d3af7,a65729258576ea09975edd3e0f3fd019
8f09de10-6867-45c6-814d-3d91a33d3af7,0a2029ba73c2f41918340ac6eb780b88
8f09de10-6867-45c6-814d-3d91a33d3af7,026e7156332477c5ecd506ba70bc85f7
8f09de10-6867-45c6-814d-3d91a33d3af7,8a863536099a48c18d3d962e156b5c92
8f09de10-6867-45c6-814d-3d91a33d3af7,719798f4a51f53b1d92a545b784bd5e4
8f09de10-6867-45c6-814d-3d91a33d3af7,e785a0e79d0c6f5ef6508dbc8b4670c5
8f09de10-6867-45c6-814d-3d91a33d3af7,85dc570ec54e9fc00baa7ae10aae98bd
8f09de10-6867-45c6-814d-3d91a33d3af7,60b118552bfe7767f454c5c087bdae51
8f09de10-6867-45c6-814d-3d91a33d3af7,1e442deedbd4cd7a7a9e3fdc7a74f371
8f09de10-6867-45c6-814d-3d91a33d3af7,b9c656ba762af88cbdd262bd44495155
8f09de10-6867-45c6-814d-3d91a33d3af7,81dbd6d99868e9a0da5e70a8247d10ef
8f09de10-6867-45c6-814d-3d91a33d3af7,1700291a46848bbc6a926648edbd7936
8f09de10-6867-45c6-814d-3d91a33d3af7,c7e6f282d3cb138f5480e410546c1ba9
8f09de10-6867-45c6-814d-3d91a33d3af7,412a806d95f8ea32151ddb24a9e61a9c
8f09de10-6867-45c6-814d-3d91a33d3af7,f5f281f1a2970e24e79ccfc4f0ab5afe
8f09de10-6867-45c6-814d-3d91a33d3af7,e27e31949460cecf29a455c9787e31e4
8f09de10-6867-45c6-814d-3d91a33d3af7,b0489f3f57d7c7f52f9ecfbf5a103485
8f09de10-6867-45c6-814d-3d91a33d3af7,77221080533ddb21c8ae8dc47944d793
8f09de10-6867-45c6-814d-3d91a33d3af7,aeab0514051b708d8a117345b71c41de
8f09de10-6867-45c6-814d-3d91a33d3af7,7503f29106ff7e65ecaf9e19ad79cf96
8f09de10-6867-45c6-814d-3d91a33d3af7,0d290b44f35efa44b9cb38233e069cae
8f09de10-6867-45c6-814d-3d91a33d3af7,2940339eb8bd7fa78da3d60bdfd523ee
8f09de10-6867-45c6-814d-3d91a33d3af7,f5f6e4dd686d80148f03b496631e8ce5
8f09de10-6867-45c6-814d-3d91a33d3af7,2f6c6d15dca5cbc9fec22b436639d6a7
8f09de10-6867-45c6-814d-3d91a33d3af7,70294faa81bdb9c06473683ca8d7029c
8f09de10-6867-45c6-814d-3d91a33d3af7,4a4b30c61f01450fbb1e79e806172369
8f09de10-6867-45c6-814d-3d91a33d3af7,f9c301be44506abfd656096668d9266e
8f09de10-6867-45c6-814d-3d91a33d3af7,070464c28c1d78c893b7ef1cc5a9e042
8f09de10-6867-45c6-814d-3d91a33d3af7,5e70040ff51206c5baa8a060e1f2a62a
8f09de10-6867-45c6-814d-3d91a33d3af7,a42cf5a8c307bc83cdf57f6b068a5fcc
8f09de10-6867-45c6-814d-3d91a33d3af7,7221930b826859aa0501f6081b8aebba
8f09de10-6867-45c6-814d-3d91a33d3af7,41bf34f33f4e5595ba4590ff920030af
8f09de10-6867-45c6-814d-3d91a33d3af7,f0cc477dd2399fa4734bfa0954aaf98e
8f09de10-6867-45c6-814d-3d91a33d3af7,93fe8e19b1bba2857471d379e77ea1a2
8f09de10-6867-45c6-814d-3d91a33d3af7,ec77d2223b7daaa6df39f9d08efac3aa
8f09de10-6867-45c6-814d-3d91a33d3af7,a7bf226f204b9f6a9a531b329babbeee
8f09de10-6867-45c6-814d-3d91a33d3af7,a0ecb75f620dffce01c8e9a84d4eb8e3
8f09de10-6867-45c6-814d-3d91a33d3af7,7299672871909035dfd34cf8db06b251
8f09de10-6867-45c6-814d-3d91a33d3af7,361e85a86487e89fa297a4ef2394b3a4
8f09de10-6867-45c6-814d-3d91a33d3af7,48d9b2e5ebbac93c8e5fec36ddd5a94d
8f09de10-6867-45c6-814d-3d91a33d3af7,56f64a84bc675c99ff4fdadd83658ca1
8f09de10-6867-45c6-814d-3d91a33d3af7,a505f16af1dcdc3b73a0e23b7e0d3708
8f09de10-6867-45c6-814d-3d91a33d3af7,a2ed0f0584a3f907f00ff7621368a1a6
8f09de10-6867-45c6-814d-3d91a33d3af7,6bf9e16633515f98d3d6a14cd294118f
8f09de10-6867-45c6-814d-3d91a33d3af7,56dfdde28a8ea676940826f05e8a7aaa
8f09de10-6867-45c6-814d-3d91a33d3af7,b0549139639c37270224eaa58fc7b937
8f09de10-6867-45c6-814d-3d91a33d3af7,ef51f30dc405d61ee8b68e0b7ee0fd67
8f09de10-6867-45c6-814d-3d91a33d3af7,67a9b342b60fde868275ed6f3df4f9cc
8f09de10-6867-45c6-814d-3d91a33d3af7,d99ec8429a5ed7385a1b543705d0a5d3
8f09de10-6867-45c6-814d-3d91a33d3af7,81b14c4addaa25bfe41248520d769371
8f09de10-6867-45c6-814d-3d91a33d3af7,3674ffa76379957eb57f4a7f4e23881f
8f09de10-6867-45c6-814d-3d91a33d3af7,655b096c9420ccae0ecaf6696e19ab0f
8f09de10-6867-45c6-814d-3d91a33d3af7,61172f484abc17b2a40944f4740ac396
8f09de10-6867-45c6-814d-3d91a33d3af7,92034ccdbfdab40f5d73a3760277b1f0
8f09de10-6867-45c6-814d-3d91a33d3af7,bee99b173305104edb5a0112d71b09c9
8f09de10-6867-45c6-814d-3d91a33d3af7,eaf2199c3bb630b43bc7fd57c2665500
8f09de10-6867-45c6-814d-3d91a33d3af7,0640a44dc363c2f65363db1fcbec6f9d
8f09de10-6867-45c6-814d-3d91a33d3af7,20495b4803f4fca64af59600d4c91e8a
8f09de10-6867-45c6-814d-3d91a33d3af7,f9149a25b9affdb957f18de2844f4eea
8f09de10-6867-45c6-814d-3d91a33d3af7,f2e1358da05bf04a31fb2171fa1bf966
8f09de10-6867-45c6-814d-3d91a33d3af7,2439b900a6ce6984e39fb924d0ebc4a1
8f09de10-6867-45c6-814d-3d91a33d3af7,0b81c2e192dd525253f4b604e69abe38
8f09de10-6867-45c6-814d-3d91a33d3af7,9f5af4864c1926a9351784ebe87c71c5
8f09de10-6867-45c6-814d-3d91a33d3af7,866ce6feac0343f01ea71df265861e77
8f09de10-6867-45c6-814d-3d91a33d3af7,ac624efe24c0068f25ea0b682e0d2b91
8f09de10-6867-45c6-814d-3d91a33d3af7,8c7f729ce38e99ed61b2fd63a0a460d3
8f09de10-6867-45c6-814d-3d91a33d3af7,f1ac682cd52439a388e1a07f9814ee88
